email,id,ip_address,phone,gender,last_name,first_name
jburke0@ifeng.com,1,2.62.76.54,374-(531)129-7111,Female,Burke,Janice
rmccoy1@merriam-webster.com,2,206.243.238.172,63-(732)608-6659,Male,Mccoy,Russell
kmatthews2@reddit.com,3,244.80.30.125,7-(476)705-1126,Male,Matthews,Kevin
hfernandez3@symantec.com,4,38.140.250.137,351-(837)744-3128,Male,Fernandez,Harold
abowman4@ycombinator.com,5,193.17.122.7,372-(998)226-0561,Female,Bowman,Anne
sbarnes5@shutterfly.com,6,203.222.8.49,963-(578)228-5676,Female,Barnes,Susan
ephillips6@loc.gov,7,146.118.186.145,1-(337)946-3011,Male,Phillips,Earl
hford7@mail.ru,8,139.106.108.40,48-(668)199-4044,Male,Ford,Harold
jreed8@youtu.be,9,74.142.171.71,1-(571)526-2095,Male,Reed,Jeffrey
smarshall9@baidu.com,10,226.6.43.16,86-(827)739-4214,Male,Marshall,Samuel
jhudsona@altervista.org,11,93.20.42.138,62-(284)808-7511,Female,Hudson,Joyce
jharrisb@unesco.org,12,171.84.203.33,82-(983)334-6999,Female,Harris,Joan
cfloresc@seattletimes.com,13,24.80.25.13,251-(707)591-8542,Male,Flores,Christopher
jmatthewsd@yahoo.co.jp,14,185.117.78.195,380-(282)693-9759,Male,Matthews,Jeffrey
mevanse@nature.com,15,224.176.131.6,63-(132)626-7812,Female,Evans,Mildred
hwatsonf@reference.com,16,252.145.242.107,36-(650)948-3355,Male,Watson,Harold
jsimpsong@upenn.edu,17,155.93.248.197,269-(570)788-5582,Female,Simpson,Judy
arobinsonh@phoca.cz,18,15.218.176.23,62-(644)305-7013,Female,Robinson,Annie
wcruzi@indiegogo.com,19,243.1.54.55,86-(725)639-8752,Female,Cruz,Wanda
wtaylorj@pbs.org,20,153.100.57.124,46-(220)620-2834,Male,Taylor,Wayne
rortizk@bluehost.com,21,208.124.79.204,93-(628)702-1188,Male,Ortiz,Raymond
kholmesl@etsy.com,22,100.143.185.194,63-(959)980-2824,Female,Holmes,Katherine
dcarrm@nps.gov,23,43.17.110.151,84-(629)331-7590,Female,Carr,Donna
tgordonn@smugmug.com,24,93.197.113.16,975-(102)752-7205,Male,Gordon,Thomas
dmorgano@imageshack.us,25,189.157.27.118,86-(187)813-8629,Female,Morgan,Donna
rschmidtp@squidoo.com,26,10.101.223.105,7-(439)958-4236,Female,Schmidt,Ruth
sgeorgeq@taobao.com,27,228.191.12.143,48-(673)770-1157,Female,George,Susan
sdanielsr@accuweather.com,28,197.239.141.235,86-(181)830-3710,Male,Daniels,Steve
rsimpsons@nydailynews.com,29,218.118.211.55,234-(859)131-1094,Female,Simpson,Rose
jcoxt@deliciousdays.com,30,242.193.136.135,420-(772)745-5391,Male,Cox,Juan
csullivanu@addthis.com,31,245.132.199.6,86-(402)239-0107,Male,Sullivan,Clarence
jdiazv@mozilla.org,32,100.46.59.56,93-(856)909-5454,Male,Diaz,Jonathan
rscottw@uol.com.br,33,193.165.8.166,55-(828)717-0876,Male,Scott,Randy
vramosx@ow.ly,34,109.234.214.168,7-(375)890-8566,Male,Ramos,Victor
aharrisony@ocn.ne.jp,35,16.66.162.114,63-(836)207-9441,Male,Harrison,Alan
kramosz@jalbum.net,36,123.105.246.183,62-(645)184-8447,Female,Ramos,Kathryn
rpayne10@ucoz.com,37,121.37.156.135,232-(581)784-0501,Male,Payne,Ronald
alee11@independent.co.uk,38,182.191.117.255,46-(109)188-2174,Female,Lee,Annie
rhowell12@latimes.com,39,69.19.193.116,86-(781)398-5846,Female,Howell,Ruth
djenkins13@rambler.ru,40,142.202.166.108,420-(316)347-5170,Male,Jenkins,Daniel
vsmith14@weebly.com,41,38.98.140.158,62-(746)933-6184,Female,Smith,Virginia
jking15@nifty.com,42,206.123.148.40,62-(863)571-9251,Female,King,Jennifer
acarpenter16@reuters.com,43,154.197.126.24,48-(223)845-4236,Male,Carpenter,Andrew
adean17@wiley.com,44,86.75.224.35,7-(208)822-4538,Male,Dean,Adam
gwheeler18@accuweather.com,45,229.217.192.67,963-(590)599-5521,Male,Wheeler,Gerald
acole19@apache.org,46,83.213.24.71,7-(778)279-7043,Male,Cole,Albert
fcruz1a@php.net,47,85.128.199.4,386-(520)490-1979,Female,Cruz,Frances
msanchez1b@clickbank.net,48,97.181.85.146,86-(617)615-5893,Male,Sanchez,Matthew
ckennedy1c@taobao.com,49,149.166.41.131,234-(368)664-2203,Female,Kennedy,Catherine
bjackson1d@uiuc.edu,50,115.83.217.184,33-(402)877-7596,Male,Jackson,Billy
scarpenter1e@friendfeed.com,51,135.99.55.129,92-(740)212-7489,Female,Carpenter,Sharon
rhoward1f@google.com.br,52,102.140.33.225,385-(205)716-9972,Male,Howard,Roy
jchavez1g@blog.com,53,230.131.203.8,57-(759)931-4205,Male,Chavez,Juan
jray1h@vinaora.com,54,9.185.13.111,86-(260)925-4493,Male,Ray,Jimmy
sbishop1i@seesaa.net,55,171.252.20.205,48-(879)599-8630,Female,Bishop,Stephanie
dcarpenter1j@upenn.edu,56,86.52.29.76,7-(216)287-5011,Female,Carpenter,Denise
fcarpenter1k@weibo.com,57,143.139.69.148,52-(525)684-2678,Male,Carpenter,Frank
jlewis1l@artisteer.com,58,111.30.135.125,92-(987)175-7041,Female,Lewis,Jennifer
dbanks1m@indiegogo.com,59,225.54.57.136,86-(377)924-1261,Female,Banks,Deborah
gferguson1n@eventbrite.com,60,47.74.21.136,86-(553)309-4012,Male,Ferguson,Gerald
bpayne1o@tinyurl.com,61,225.162.210.73,502-(588)960-0356,Female,Payne,Barbara
jhill1p@weather.com,62,66.232.95.192,46-(724)154-5440,Female,Hill,Judy
dgonzalez1q@cnbc.com,63,40.189.94.195,386-(705)807-1882,Female,Gonzalez,Diane
awheeler1r@photobucket.com,64,73.121.123.170,420-(996)483-8261,Female,Wheeler,Angela
jharris1s@usatoday.com,65,185.235.173.241,63-(773)636-9438,Female,Harris,Joyce
pwagner1t@harvard.edu,66,189.34.81.90,30-(417)523-0444,Male,Wagner,Paul
mbanks1u@techcrunch.com,67,207.100.5.88,62-(529)368-8907,Male,Banks,Martin
gmyers1v@about.com,68,110.129.178.185,52-(579)594-3721,Female,Myers,Gloria
twagner1w@bigcartel.com,69,193.103.172.140,86-(228)513-1658,Male,Wagner,Thomas
cedwards1x@cafepress.com,70,133.183.156.244,7-(800)801-1916,Female,Edwards,Catherine
ehicks1y@mapy.cz,71,145.247.246.92,234-(325)596-3983,Female,Hicks,Emily
egray1z@about.me,72,171.123.25.145,62-(857)348-3970,Male,Gray,Earl
smendoza20@imageshack.us,73,25.63.69.17,51-(169)768-8976,Male,Mendoza,Sean
rhoward21@tinyurl.com,74,190.57.80.130,86-(862)895-2521,Male,Howard,Roger
pcastillo22@youtu.be,75,68.169.148.169,51-(758)442-7401,Female,Castillo,Pamela
alee23@dot.gov,76,209.154.129.48,51-(848)313-9455,Female,Lee,Alice
jfields24@craigslist.org,77,149.53.144.147,48-(971)278-9760,Male,Fields,Jerry
kwagner25@eventbrite.com,78,40.187.193.24,970-(730)916-0646,Male,Wagner,Kenneth
rberry26@skype.com,79,68.81.235.247,51-(691)460-7724,Female,Berry,Ruth
gdunn27@cyberchimps.com,80,12.1.52.185,60-(788)848-5605,Male,Dunn,Gregory
lroberts28@indiatimes.com,81,113.197.125.253,374-(549)423-0074,Female,Roberts,Linda
pgardner29@wordpress.com,82,131.213.82.85,52-(386)744-5655,Female,Gardner,Phyllis
eferguson2a@trellian.com,83,207.227.10.34,86-(166)665-1344,Female,Ferguson,Emily
jowens2b@cbc.ca,84,92.107.97.151,86-(560)611-9962,Male,Owens,Juan
aowens2c@ow.ly,85,15.73.121.190,51-(406)896-4222,Male,Owens,Andrew
cday2d@xrea.com,86,71.44.66.247,351-(765)237-0543,Male,Day,Carl
jknight2e@tripadvisor.com,87,137.105.116.253,81-(421)304-6248,Female,Knight,Jessica
swhite2f@twitpic.com,88,129.194.32.45,33-(118)165-9651,Female,White,Shirley
glawrence2g@issuu.com,89,36.54.57.135,33-(269)635-6438,Male,Lawrence,Gerald
amendoza2h@tumblr.com,90,248.223.17.190,86-(105)451-9988,Male,Mendoza,Albert
cknight2i@purevolume.com,91,160.196.82.103,62-(311)884-0167,Male,Knight,Christopher
awallace2j@facebook.com,92,202.82.151.97,351-(117)223-9556,Female,Wallace,Ashley
lperez2k@spotify.com,93,75.166.190.244,54-(927)441-4421,Male,Perez,Larry
cmoore2l@storify.com,94,237.58.177.63,62-(613)291-9921,Male,Moore,Charles
mfisher2m@edublogs.org,95,252.27.36.218,86-(113)619-1404,Male,Fisher,Martin
erivera2n@princeton.edu,96,202.67.108.172,48-(145)450-6515,Male,Rivera,Earl
narnold2o@amazon.co.uk,97,32.120.126.94,86-(482)992-4420,Female,Arnold,Nicole
ghamilton2p@123-reg.co.uk,98,15.51.138.78,244-(503)549-3668,Male,Hamilton,Gary
ggreen2q@wp.com,99,242.169.52.124,62-(757)625-9909,Male,Green,George
acollins2r@gmpg.org,100,115.235.51.196,33-(891)840-2085,Male,Collins,Anthony
rhamilton2s@prnewswire.com,101,117.116.239.202,62-(153)874-0344,Male,Hamilton,Roger
mclark2t@bbb.org,102,3.16.165.154,7-(346)980-3256,Female,Clark,Marilyn
jsanchez2u@lycos.com,103,117.31.187.108,64-(349)642-2092,Male,Sanchez,Jonathan
jkim2v@shutterfly.com,104,18.139.97.220,7-(199)650-6742,Male,Kim,John
rsimpson2w@yolasite.com,105,15.182.217.227,351-(606)530-0968,Male,Simpson,Roy
cward2x@barnesandnoble.com,106,78.173.59.236,7-(968)484-3163,Female,Ward,Christine
jcunningham2y@seesaa.net,107,57.202.141.118,62-(146)259-5325,Male,Cunningham,Juan
agomez2z@house.gov,108,47.29.176.90,33-(156)607-2114,Female,Gomez,Anna
gknight30@surveymonkey.com,109,61.172.47.30,358-(567)650-9068,Female,Knight,Gloria
jfreeman31@census.gov,110,151.168.3.121,86-(418)335-1262,Female,Freeman,Joyce
kburton32@privacy.gov.au,111,144.207.116.40,46-(187)533-2972,Male,Burton,Keith
eharvey33@istockphoto.com,112,109.158.59.238,372-(957)872-7651,Female,Harvey,Emily
lmoreno34@google.com.hk,113,208.92.94.152,232-(330)654-0648,Male,Moreno,Louis
amorales35@barnesandnoble.com,114,79.212.136.62,7-(434)897-8264,Female,Morales,Amanda
rnichols36@technorati.com,115,252.90.170.135,86-(764)293-0121,Male,Nichols,Roy
carmstrong37@answers.com,116,229.122.55.227,380-(273)679-1353,Male,Armstrong,Chris
cbishop38@tmall.com,117,146.203.113.111,7-(507)812-0143,Female,Bishop,Carol
dwheeler39@etsy.com,118,137.134.198.105,62-(445)124-0453,Male,Wheeler,David
jedwards3a@bandcamp.com,119,155.144.90.165,63-(321)850-2575,Male,Edwards,Jeremy
pharper3b@yellowbook.com,120,62.175.231.213,1-(817)615-7489,Female,Harper,Phyllis
bfields3c@dailymail.co.uk,121,199.135.77.137,46-(237)490-1678,Female,Fields,Betty
rmarshall3d@lulu.com,122,90.20.45.60,351-(941)689-3168,Female,Marshall,Robin
jbell3e@deliciousdays.com,123,53.61.76.41,1-(678)221-6558,Male,Bell,Jack
afreeman3f@seesaa.net,124,217.127.114.54,977-(895)939-1978,Female,Freeman,Anne
jbishop3g@weibo.com,125,90.247.92.76,86-(844)591-4788,Male,Bishop,Jeremy
bburton3h@geocities.jp,126,182.65.124.156,503-(588)900-5713,Female,Burton,Beverly
rjones3i@free.fr,127,49.249.180.218,93-(261)289-3999,Male,Jones,Russell
eward3j@abc.net.au,128,137.90.202.2,86-(822)762-0413,Male,Ward,Ernest
nmendoza3k@amazon.co.uk,129,213.247.118.20,62-(305)215-1629,Female,Mendoza,Nicole
jscott3l@geocities.com,130,12.106.17.251,62-(521)223-8872,Male,Scott,Jesse
rbennett3m@state.tx.us,131,165.70.94.185,62-(921)685-1415,Male,Bennett,Russell
cfisher3n@tinyurl.com,132,81.224.113.25,256-(524)841-5860,Female,Fisher,Cheryl
mprice3o@hud.gov,133,234.182.147.162,55-(876)236-7465,Female,Price,Melissa
bporter3p@lulu.com,134,25.155.40.167,66-(337)971-3599,Female,Porter,Brenda
promero3q@live.com,135,196.47.116.237,33-(943)881-2728,Male,Romero,Philip
dgomez3r@lulu.com,136,53.141.90.55,86-(113)462-6450,Male,Gomez,Donald
chamilton3s@mit.edu,137,34.165.46.121,7-(366)678-9130,Male,Hamilton,Carl
csanchez3t@google.co.jp,138,172.4.210.15,86-(981)446-9226,Male,Sanchez,Chris
jgonzales3u@sina.com.cn,139,67.173.179.21,86-(706)549-8233,Female,Gonzales,Janice
jfox3v@tinyurl.com,140,190.206.2.50,86-(399)486-8507,Male,Fox,Jeremy
kgeorge3w@indiegogo.com,141,155.150.203.19,33-(456)712-7416,Male,George,Kenneth
jmedina3x@weather.com,142,52.45.208.176,594-(527)455-0512,Male,Medina,Jeffrey
wsims3y@seesaa.net,143,37.80.137.6,963-(182)297-5920,Female,Sims,Wanda
ejohnston3z@printfriendly.com,144,25.44.204.92,502-(961)675-5276,Male,Johnston,Earl
dreyes40@biblegateway.com,145,110.59.176.142,86-(298)275-0635,Female,Reyes,Denise
rvasquez41@ustream.tv,146,19.219.30.104,62-(729)641-6511,Male,Vasquez,Raymond
rbarnes42@nydailynews.com,147,126.218.43.134,1-(465)889-5559,Female,Barnes,Rachel
rlittle43@blinklist.com,148,233.152.130.200,54-(994)446-7573,Female,Little,Rose
ewelch44@noaa.gov,149,161.149.207.165,1-(481)587-7082,Female,Welch,Elizabeth
rjenkins45@fda.gov,150,114.188.102.207,502-(657)267-8136,Male,Jenkins,Roger
ejones46@cnet.com,151,204.125.162.83,33-(200)108-4284,Male,Jones,Edward
jfox47@nih.gov,152,143.157.192.129,998-(151)487-4790,Male,Fox,Jonathan
dbennett48@biglobe.ne.jp,153,190.198.238.191,216-(150)933-2759,Male,Bennett,Dennis
dsimpson49@hc360.com,154,99.74.205.174,236-(709)374-7784,Male,Simpson,Daniel
rgomez4a@wikispaces.com,155,214.151.7.95,62-(224)559-5596,Female,Gomez,Ruby
lstewart4b@japanpost.jp,156,134.192.250.43,964-(922)848-5106,Female,Stewart,Lori
lbaker4c@cnn.com,157,8.242.16.92,86-(612)269-4428,Male,Baker,Louis
hsanchez4d@vkontakte.ru,158,165.118.167.78,86-(878)745-8653,Male,Sanchez,Harold
blynch4e@nydailynews.com,159,109.1.219.161,855-(785)770-1387,Male,Lynch,Billy
lgreene4f@ocn.ne.jp,160,135.2.179.251,33-(405)629-2840,Male,Greene,Larry
eharris4g@a8.net,161,1.149.227.51,30-(734)828-8139,Male,Harris,Eugene
kfisher4h@forbes.com,162,59.61.76.203,86-(696)354-0982,Female,Fisher,Karen
dgilbert4i@symantec.com,163,109.94.248.194,1-(730)717-3830,Female,Gilbert,Deborah
chill4j@nationalgeographic.com,164,176.166.237.207,7-(330)580-3139,Male,Hill,Christopher
egeorge4k@tinyurl.com,165,8.245.14.15,389-(400)235-3131,Male,George,Earl
nromero4l@naver.com,166,202.103.21.97,46-(255)348-1695,Female,Romero,Nancy
smartinez4m@hibu.com,167,247.153.11.222,691-(606)759-7040,Male,Martinez,Scott
dgarrett4n@springer.com,168,202.192.55.34,62-(207)297-9436,Male,Garrett,Donald
jwarren4o@github.com,169,47.20.9.31,62-(234)254-3645,Female,Warren,Joan
bwashington4p@usa.gov,170,197.35.152.6,55-(472)953-3899,Male,Washington,Bobby
lbowman4q@meetup.com,171,236.19.153.194,34-(255)409-6449,Male,Bowman,Larry
khansen4r@alibaba.com,172,180.138.24.245,62-(264)113-1266,Male,Hansen,Keith
sjohnston4s@seattletimes.com,173,21.221.210.136,62-(995)116-5429,Female,Johnston,Stephanie
kprice4t@example.com,174,198.73.16.201,81-(584)949-3266,Female,Price,Kathleen
barmstrong4u@go.com,175,250.129.252.43,994-(781)256-2848,Female,Armstrong,Beverly
rwest4v@taobao.com,176,228.234.76.249,47-(268)777-7979,Male,West,Robert
rgordon4w@free.fr,177,255.114.76.95,212-(113)693-2797,Female,Gordon,Ruth
hlong4x@reverbnation.com,178,173.248.223.228,234-(593)572-5117,Male,Long,Henry
nmedina4y@sfgate.com,179,144.5.178.106,86-(695)778-6730,Female,Medina,Norma
tmendoza4z@chronoengine.com,180,192.101.45.96,86-(250)793-2532,Male,Mendoza,Thomas
rwagner50@jigsy.com,181,25.82.213.9,351-(332)788-8467,Male,Wagner,Richard
rgordon51@scientificamerican.com,182,65.75.214.14,86-(628)563-7246,Female,Gordon,Rebecca
lmorrison52@home.pl,183,203.212.73.191,380-(147)174-8680,Male,Morrison,Lawrence
shicks53@guardian.co.uk,184,79.132.47.41,86-(662)257-1468,Male,Hicks,Steven
lhayes54@pbs.org,185,48.144.170.157,84-(405)423-4964,Female,Hayes,Lillian
kromero55@networksolutions.com,186,108.53.60.5,62-(592)745-4340,Female,Romero,Kimberly
jroberts56@ft.com,187,125.251.166.210,55-(789)990-1656,Male,Roberts,Joe
phamilton57@scientificamerican.com,188,30.235.57.186,63-(157)960-0974,Female,Hamilton,Pamela
cporter58@opensource.org,189,83.86.176.161,81-(599)666-3965,Male,Porter,Carl
sdixon59@free.fr,190,191.133.189.80,7-(253)619-6963,Female,Dixon,Sarah
jsanchez5a@storify.com,191,88.109.196.36,7-(622)177-9082,Male,Sanchez,Jeffrey
lphillips5b@sogou.com,192,24.134.193.120,7-(328)215-8162,Female,Phillips,Laura
lsanders5c@4shared.com,193,228.84.138.87,86-(649)764-0438,Female,Sanders,Linda
awoods5d@sohu.com,194,254.4.122.36,55-(422)600-1162,Female,Woods,Ann
chernandez5e@ebay.com,195,96.180.193.232,62-(341)448-9518,Female,Hernandez,Catherine
elarson5f@phpbb.com,196,167.154.246.23,355-(929)107-8760,Female,Larson,Evelyn
crogers5g@usatoday.com,197,66.142.94.239,62-(882)603-4740,Male,Rogers,Chris
selliott5h@nymag.com,198,183.4.176.76,1-(757)290-3826,Male,Elliott,Shawn
bedwards5i@ehow.com,199,222.10.130.103,975-(947)656-5094,Male,Edwards,Brandon
wweaver5j@arstechnica.com,200,116.231.124.174,358-(612)539-7290,Female,Weaver,Wanda
jpalmer5k@amazonaws.com,201,157.62.33.221,92-(971)139-1166,Female,Palmer,Julie
cmurray5l@ebay.com,202,85.135.179.129,1-(587)421-0478,Male,Murray,Carlos
bday5m@joomla.org,203,30.136.125.192,64-(861)972-8738,Male,Day,Benjamin
lshaw5n@prlog.org,204,175.125.33.84,380-(351)112-8216,Female,Shaw,Lori
awalker5o@miibeian.gov.cn,205,5.100.249.113,383-(648)538-3111,Female,Walker,Amy
gboyd5p@marketwatch.com,206,246.61.138.29,218-(213)604-9937,Male,Boyd,Gerald
cgrant5q@umn.edu,207,162.194.146.25,98-(785)877-9870,Female,Grant,Carol
sreyes5r@histats.com,208,89.130.254.52,62-(975)190-5460,Male,Reyes,Steve
bwelch5s@csmonitor.com,209,35.161.47.174,1-(534)479-9497,Male,Welch,Brian
grobinson5t@ucoz.ru,210,143.174.9.255,63-(181)624-3153,Male,Robinson,Gerald
bknight5u@ameblo.jp,211,247.68.194.139,7-(309)395-4433,Male,Knight,Brian
nperry5v@whitehouse.gov,212,200.56.6.148,62-(765)665-7541,Male,Perry,Nicholas
bmills5w@example.com,213,232.57.236.44,62-(623)199-9705,Female,Mills,Brenda
khayes5x@canalblog.com,214,156.145.44.87,86-(254)306-4463,Female,Hayes,Kimberly
smccoy5y@typepad.com,215,190.37.51.147,57-(320)859-1316,Male,Mccoy,Samuel
lgriffin5z@dion.ne.jp,216,98.20.148.166,55-(240)816-5341,Female,Griffin,Lori
lgriffin60@ca.gov,217,194.183.241.120,27-(985)800-0481,Female,Griffin,Lori
ccampbell61@twitter.com,218,248.53.26.198,48-(545)879-1679,Female,Campbell,Cheryl
thudson62@ed.gov,219,2.108.247.176,226-(660)690-9983,Male,Hudson,Thomas
drichards63@1und1.de,220,91.131.179.177,226-(983)551-2848,Female,Richards,Donna
kcarroll64@time.com,221,33.185.58.105,62-(263)990-2658,Female,Carroll,Katherine
jwhite65@ted.com,222,117.46.145.127,7-(936)219-5063,Female,White,Jennifer
jedwards66@mozilla.org,223,226.4.242.179,86-(193)260-1920,Female,Edwards,Julie
aandrews67@netscape.com,224,22.200.38.31,62-(828)177-8762,Male,Andrews,Aaron
lyoung68@disqus.com,225,186.40.252.185,234-(467)252-0177,Female,Young,Linda
tgraham69@4shared.com,226,137.37.150.204,63-(793)688-8590,Male,Graham,Terry
ppayne6a@google.co.jp,227,240.254.21.225,86-(646)265-3266,Female,Payne,Pamela
kford6b@networkadvertising.org,228,120.216.109.29,7-(997)224-9113,Female,Ford,Kimberly
gmitchell6c@goo.ne.jp,229,128.189.106.92,251-(180)499-2542,Male,Mitchell,Gerald
bhart6d@mlb.com,230,31.139.167.252,64-(563)971-4309,Male,Hart,Brian
ebarnes6e@smh.com.au,231,207.75.101.219,380-(674)366-8741,Male,Barnes,Earl
mhansen6f@sun.com,232,68.32.75.137,62-(905)128-9009,Female,Hansen,Marilyn
spowell6g@tinyurl.com,233,245.33.3.120,351-(156)972-3234,Male,Powell,Samuel
pgibson6h@yandex.ru,234,241.89.202.254,86-(260)111-4443,Female,Gibson,Patricia
rhenry6i@loc.gov,235,27.74.238.112,45-(340)388-5809,Female,Henry,Robin
chunter6j@wix.com,236,216.253.4.94,7-(349)348-2067,Female,Hunter,Christine
jjackson6k@parallels.com,237,50.0.48.251,86-(973)104-8594,Female,Jackson,Janice
jgomez6l@over-blog.com,238,122.22.33.187,93-(833)814-9326,Male,Gomez,Jack
tgonzales6m@arstechnica.com,239,120.211.183.43,86-(987)812-5959,Female,Gonzales,Teresa
crobinson6n@wikispaces.com,240,21.136.70.41,33-(379)648-5111,Male,Robinson,Charles
jgordon6o@ebay.co.uk,241,158.210.207.137,1-(610)802-6334,Female,Gordon,Jennifer
dgonzalez6p@zimbio.com,242,241.23.106.232,81-(206)804-6442,Male,Gonzalez,Daniel
mhicks6q@netlog.com,243,73.177.100.65,54-(283)568-8721,Male,Hicks,Matthew
jpayne6r@vistaprint.com,244,42.157.49.247,504-(878)992-7081,Male,Payne,John
bharrison6s@homestead.com,245,164.77.149.136,234-(770)600-8197,Male,Harrison,Bobby
jmills6t@utexas.edu,246,149.48.173.195,55-(525)400-9540,Male,Mills,Jose
kgrant6u@nyu.edu,247,154.151.107.230,81-(769)782-0630,Male,Grant,Keith
pbrown6v@163.com,248,251.191.246.183,351-(930)743-3938,Male,Brown,Patrick
mfreeman6w@ca.gov,249,195.63.27.152,351-(312)871-3123,Female,Freeman,Michelle
gferguson6x@blinklist.com,250,188.92.93.161,92-(646)622-9290,Male,Ferguson,Gerald
cgraham6y@dell.com,251,233.137.145.30,49-(538)890-0060,Female,Graham,Christina
jhart6z@wikipedia.org,252,48.81.29.246,48-(109)243-6802,Female,Hart,Jennifer
hrichards70@clickbank.net,253,44.21.5.53,86-(265)612-4101,Male,Richards,Howard
abennett71@trellian.com,254,59.188.144.214,387-(844)641-0475,Female,Bennett,Ann
kreed72@chronoengine.com,255,233.154.197.12,62-(605)313-9796,Female,Reed,Kathy
ebarnes73@ocn.ne.jp,256,226.19.94.219,261-(413)505-6783,Male,Barnes,Eugene
tmorgan74@hud.gov,257,152.209.128.31,880-(248)160-9845,Male,Morgan,Thomas
hgibson75@admin.ch,258,88.177.45.193,970-(884)408-5204,Male,Gibson,Henry
kstanley76@people.com.cn,259,61.132.222.124,33-(853)949-9079,Male,Stanley,Kenneth
clawson77@tripadvisor.com,260,53.241.194.189,55-(863)614-8769,Female,Lawson,Christina
jgibson78@slashdot.org,261,43.191.211.24,420-(589)438-6225,Male,Gibson,Jack
soliver79@booking.com,262,158.112.150.186,49-(297)465-0012,Male,Oliver,Steven
pmiller7a@goodreads.com,263,73.178.14.41,7-(678)178-0484,Male,Miller,Phillip
lstephens7b@fastcompany.com,264,75.61.103.250,351-(182)556-5907,Female,Stephens,Louise
scox7c@state.gov,265,137.37.135.172,46-(435)642-6012,Female,Cox,Sharon
cruiz7d@com.com,266,168.125.240.187,351-(622)782-4766,Male,Ruiz,Charles
jsmith7e@last.fm,267,229.122.0.163,260-(303)474-2595,Male,Smith,Jason
aperry7f@state.gov,268,117.184.192.120,62-(566)334-1189,Male,Perry,Arthur
hsullivan7g@naver.com,269,108.64.91.144,62-(186)294-8507,Male,Sullivan,Henry
njacobs7h@ox.ac.uk,270,15.185.240.158,230-(624)162-6949,Female,Jacobs,Nancy
jmason7i@cnbc.com,271,177.195.46.17,33-(459)524-0822,Male,Mason,Joseph
mlynch7j@vinaora.com,272,98.30.77.210,86-(294)428-4385,Male,Lynch,Matthew
sryan7k@patch.com,273,10.100.125.3,55-(294)153-8086,Female,Ryan,Shirley
hholmes7l@unblog.fr,274,107.163.78.114,7-(197)237-3771,Male,Holmes,Howard
boliver7m@arizona.edu,275,221.185.103.157,380-(785)267-4986,Male,Oliver,Brandon
jramos7n@domainmarket.com,276,84.163.57.73,62-(862)877-9308,Female,Ramos,Jacqueline
jjackson7o@typepad.com,277,31.234.55.33,86-(654)333-9859,Male,Jackson,John
kharvey7p@prlog.org,278,57.89.56.188,62-(388)742-9338,Female,Harvey,Kelly
sford7q@smugmug.com,279,216.159.219.52,86-(214)760-7057,Male,Ford,Steven
kferguson7r@addtoany.com,280,92.134.144.203,234-(783)231-6887,Female,Ferguson,Karen
breynolds7s@vistaprint.com,281,18.74.242.120,255-(258)244-2139,Female,Reynolds,Brenda
rfuller7t@unicef.org,282,86.39.184.215,27-(576)399-2702,Female,Fuller,Ruth
bfrazier7u@twitpic.com,283,135.234.223.60,30-(353)688-2607,Female,Frazier,Bonnie
hross7v@yelp.com,284,59.12.213.201,86-(818)720-3360,Female,Ross,Helen
cruiz7w@mozilla.com,285,214.129.14.209,86-(292)775-5932,Female,Ruiz,Christina
sjenkins7x@amazon.de,286,206.249.121.15,387-(499)451-2419,Female,Jenkins,Susan
jramos7y@geocities.jp,287,24.81.22.68,54-(794)304-2057,Male,Ramos,Jason
cdunn7z@creativecommons.org,288,198.72.147.197,972-(451)647-9988,Female,Dunn,Christina
ebarnes80@sfgate.com,289,97.225.35.236,1-(571)870-2722,Female,Barnes,Elizabeth
jjackson81@scribd.com,290,155.217.15.219,7-(925)348-2495,Female,Jackson,Judith
eturner82@vkontakte.ru,291,8.19.57.175,358-(784)920-4284,Female,Turner,Evelyn
khoward83@clickbank.net,292,81.146.180.119,7-(586)293-6885,Female,Howard,Kathy
jtorres84@ox.ac.uk,293,130.41.135.42,62-(698)162-7825,Female,Torres,Jean
apeterson85@skype.com,294,197.142.153.209,86-(917)615-2645,Female,Peterson,Angela
tturner86@myspace.com,295,80.158.11.211,86-(401)470-4281,Male,Turner,Timothy
jfoster87@businessinsider.com,296,60.167.141.164,62-(724)464-2110,Male,Foster,Jesse
pmendoza88@cisco.com,297,227.255.139.72,1-(716)508-8939,Male,Mendoza,Peter
cflores89@networkadvertising.org,298,240.28.183.160,385-(185)545-2240,Female,Flores,Cynthia
sfowler8a@hp.com,299,188.27.182.59,86-(824)630-1577,Female,Fowler,Susan
dmartinez8b@marketwatch.com,300,9.252.39.216,86-(462)126-6027,Male,Martinez,Douglas
dmurray8c@privacy.gov.au,301,4.4.106.28,46-(270)931-7753,Female,Murray,Donna
jscott8d@prlog.org,302,65.130.227.162,84-(418)259-1061,Female,Scott,Jean
emurray8e@businessweek.com,303,128.210.46.233,7-(440)361-8773,Male,Murray,Eugene
jgarza8f@wiley.com,304,69.199.69.8,48-(103)421-6608,Female,Garza,Julie
sreyes8g@so-net.ne.jp,305,31.77.51.17,86-(406)708-5352,Male,Reyes,Samuel
btorres8h@google.com,306,117.167.66.114,82-(798)470-2662,Female,Torres,Betty
jhill8i@cbc.ca,307,137.190.106.105,30-(115)394-3327,Male,Hill,Juan
dpierce8j@github.io,308,22.88.72.121,237-(254)126-6172,Female,Pierce,Denise
tedwards8k@livejournal.com,309,168.245.223.32,52-(168)340-2362,Male,Edwards,Thomas
emontgomery8l@merriam-webster.com,310,152.87.23.147,52-(877)386-2284,Male,Montgomery,Eugene
mlewis8m@theatlantic.com,311,105.28.233.172,86-(940)631-0582,Female,Lewis,Mary
rgarza8n@imdb.com,312,58.132.26.74,86-(951)758-9821,Female,Garza,Rachel
cray8o@yandex.ru,313,128.155.134.246,55-(504)228-6450,Male,Ray,Christopher
jgrant8p@paypal.com,314,118.216.62.169,46-(612)760-7422,Female,Grant,Jessica
jhanson8q@mashable.com,315,65.226.243.38,62-(815)357-6142,Male,Hanson,Jose
lkelly8r@scribd.com,316,139.217.242.83,33-(879)307-1538,Female,Kelly,Lillian
kwelch8s@alibaba.com,317,40.194.161.197,681-(541)725-6664,Female,Welch,Katherine
gwatkins8t@amazon.co.uk,318,158.99.10.78,86-(662)827-2027,Male,Watkins,Gary
rjohnston8u@tripadvisor.com,319,142.25.145.197,1-(253)448-6643,Male,Johnston,Richard
bspencer8v@behance.net,320,65.174.177.183,249-(992)281-6825,Male,Spencer,Brian
aoliver8w@hatena.ne.jp,321,61.53.95.74,81-(164)173-1777,Female,Oliver,Amanda
jarnold8x@twitter.com,322,56.209.8.235,86-(565)611-5430,Female,Arnold,Jacqueline
jgreen8y@newsvine.com,323,19.72.41.11,691-(629)491-7844,Female,Green,Jennifer
areyes8z@epa.gov,324,46.226.80.153,591-(802)661-1736,Female,Reyes,Angela
bbishop90@bbb.org,325,221.131.66.101,62-(361)111-3628,Male,Bishop,Brandon
dlarson91@diigo.com,326,95.205.87.46,1-(205)607-1585,Male,Larson,Daniel
jturner92@t.co,327,239.87.248.177,33-(668)546-1686,Female,Turner,Jessica
mhenderson93@sphinn.com,328,94.19.210.56,81-(525)413-1032,Female,Henderson,Mildred
jcampbell94@blog.com,329,158.127.145.121,235-(537)701-4278,Male,Campbell,Jimmy
acoleman95@engadget.com,330,16.96.74.254,62-(644)130-3246,Female,Coleman,Angela
lwallace96@engadget.com,331,138.43.203.210,62-(868)736-3953,Male,Wallace,Louis
twarren97@multiply.com,332,152.94.67.64,380-(317)822-9064,Male,Warren,Todd
sholmes98@craigslist.org,333,15.25.70.0,33-(493)641-7577,Female,Holmes,Shirley
bspencer99@ezinearticles.com,334,115.27.61.70,27-(604)305-3854,Female,Spencer,Brenda
ssmith9a@furl.net,335,107.117.124.14,63-(329)711-4648,Male,Smith,Scott
smitchell9b@paypal.com,336,109.179.6.104,62-(611)488-1877,Male,Mitchell,Sean
rhughes9c@google.cn,337,104.208.202.228,84-(832)608-9772,Male,Hughes,Ronald
drichards9d@sciencedirect.com,338,18.223.251.151,64-(207)220-7853,Female,Richards,Dorothy
efrazier9e@nasa.gov,339,144.239.241.117,7-(939)984-4976,Male,Frazier,Eric
crogers9f@123-reg.co.uk,340,85.74.126.161,30-(928)881-4172,Male,Rogers,Charles
rchavez9g@netlog.com,341,121.142.112.8,33-(282)172-4284,Female,Chavez,Rose
lmartin9h@eventbrite.com,342,112.176.239.195,998-(207)543-3248,Female,Martin,Linda
jtaylor9i@ezinearticles.com,343,51.88.7.114,380-(812)989-6231,Female,Taylor,Jennifer
afuller9j@princeton.edu,344,32.40.39.149,62-(938)276-8562,Male,Fuller,Albert
sboyd9k@bandcamp.com,345,141.172.197.32,33-(916)477-4985,Male,Boyd,Steve
rfreeman9l@parallels.com,346,188.143.54.212,1-(312)699-5013,Male,Freeman,Roy
brobinson9m@admin.ch,347,206.56.0.236,48-(627)690-4378,Female,Robinson,Barbara
jmiller9n@cloudflare.com,348,17.249.58.114,55-(379)979-1068,Male,Miller,Jonathan
mknight9o@acquirethisname.com,349,109.101.172.121,880-(810)780-4267,Female,Knight,Marilyn
rhenderson9p@apple.com,350,212.105.243.151,53-(567)427-5694,Male,Henderson,Ralph
awheeler9q@friendfeed.com,351,185.61.15.194,86-(611)665-8551,Female,Wheeler,Andrea
mgeorge9r@msn.com,352,97.248.210.151,55-(932)240-5418,Female,George,Melissa
cwatkins9s@e-recht24.de,353,23.148.81.93,46-(724)301-1183,Female,Watkins,Christine
asanchez9t@bloomberg.com,354,158.133.183.20,356-(525)963-8662,Male,Sanchez,Albert
cpayne9u@taobao.com,355,118.252.175.148,7-(431)615-1393,Male,Payne,Chris
hmurphy9v@mit.edu,356,67.115.70.181,7-(523)389-1036,Female,Murphy,Heather
aburton9w@google.cn,357,13.123.111.232,7-(995)684-0149,Female,Burton,Anna
epatterson9x@imgur.com,358,81.214.139.252,86-(516)144-9016,Male,Patterson,Eric
jvasquez9y@cargocollective.com,359,50.234.127.178,351-(551)647-3704,Male,Vasquez,Jesse
kgarcia9z@mit.edu,360,178.110.36.184,66-(854)520-4323,Male,Garcia,Kevin
rarmstronga0@macromedia.com,361,6.140.104.164,62-(548)992-9604,Female,Armstrong,Rachel
agarciaa1@marriott.com,362,30.44.138.139,7-(314)507-2442,Female,Garcia,Ashley
clawsona2@senate.gov,363,88.74.75.39,234-(155)314-9056,Male,Lawson,Chris
ajacksona3@myspace.com,364,254.228.97.186,48-(583)211-3830,Female,Jackson,Anna
jbella4@histats.com,365,145.183.144.11,55-(150)445-8718,Male,Bell,Jerry
sgonzalesa5@edublogs.org,366,249.132.119.153,33-(473)533-8553,Male,Gonzales,Steve
jlawrencea6@usda.gov,367,209.103.27.197,86-(881)476-6822,Male,Lawrence,Jack
calexandera7@ning.com,368,3.156.182.221,255-(762)373-6756,Male,Alexander,Carlos
dellisa8@apache.org,369,53.3.20.209,7-(900)790-1990,Female,Ellis,Diana
aelliotta9@ustream.tv,370,1.166.87.213,63-(947)641-9137,Male,Elliott,Anthony
bbellaa@nhs.uk,371,56.77.238.223,86-(268)679-4069,Male,Bell,Brian
fmartinab@apple.com,372,198.76.119.78,86-(236)800-5522,Female,Martin,Frances
ksanchezac@irs.gov,373,176.231.5.50,86-(924)789-9642,Male,Sanchez,Keith
psnyderad@cafepress.com,374,15.150.128.100,1-(980)316-7928,Female,Snyder,Pamela
sstoneae@gmpg.org,375,9.73.21.238,502-(242)278-7779,Male,Stone,Scott
jgarzaaf@time.com,376,131.198.218.243,1-(675)509-7275,Male,Garza,Johnny
elewisag@soup.io,377,27.196.73.96,595-(669)570-9037,Male,Lewis,Eric
sfordah@facebook.com,378,209.176.192.2,7-(170)499-5260,Female,Ford,Sharon
amoralesai@ftc.gov,379,159.48.96.94,506-(247)967-9533,Female,Morales,Andrea
ahartaj@apache.org,380,235.225.253.137,963-(550)958-2963,Male,Hart,Antonio
jwoodsak@amazon.com,381,9.135.36.97,380-(208)497-6807,Female,Woods,Joyce
preedal@mashable.com,382,65.68.226.196,64-(405)881-5736,Male,Reed,Phillip
slopezam@dailymotion.com,383,36.239.162.4,86-(976)832-0632,Female,Lopez,Stephanie
ehuntan@deviantart.com,384,69.116.234.156,48-(223)368-7175,Female,Hunt,Evelyn
bkennedyao@narod.ru,385,181.24.14.147,86-(935)736-6734,Female,Kennedy,Bonnie
mblackap@yellowpages.com,386,80.199.29.90,62-(171)335-5159,Female,Black,Mary
sedwardsaq@shop-pro.jp,387,22.100.111.158,242-(121)131-4497,Male,Edwards,Steven
bandrewsar@soup.io,388,17.236.252.155,52-(230)722-1798,Female,Andrews,Brenda
gcookas@sakura.ne.jp,389,186.32.98.163,998-(915)549-4441,Male,Cook,Gerald
jmendozaat@indiegogo.com,390,48.10.238.47,86-(919)944-2875,Female,Mendoza,Jennifer
rmatthewsau@who.int,391,75.220.152.32,351-(815)307-3202,Male,Matthews,Roger
gwallaceav@bluehost.com,392,31.111.87.252,1-(757)685-4494,Male,Wallace,Gary
tlawrenceaw@dedecms.com,393,113.5.207.138,48-(258)777-4766,Female,Lawrence,Theresa
kortizax@ustream.tv,394,68.179.20.117,63-(904)503-1618,Male,Ortiz,Kenneth
jharrisonay@examiner.com,395,167.144.194.135,55-(119)392-0634,Female,Harrison,Jacqueline
ahansonaz@google.pl,396,8.56.65.140,46-(496)526-5571,Female,Hanson,Ashley
vhudsonb0@4shared.com,397,241.19.51.28,504-(912)456-5801,Female,Hudson,Virginia
creyesb1@icio.us,398,69.145.119.189,7-(666)838-1058,Female,Reyes,Cynthia
jevansb2@bizjournals.com,399,186.30.232.114,86-(654)884-9032,Female,Evans,Jennifer
mowensb3@hexun.com,400,110.158.101.91,385-(846)455-9959,Female,Owens,Margaret
tbishopb4@delicious.com,401,28.246.106.95,7-(319)857-4031,Female,Bishop,Theresa
hbryantb5@si.edu,402,38.116.94.214,507-(119)291-0068,Male,Bryant,Howard
lfernandezb6@quantcast.com,403,134.3.88.11,62-(644)888-9483,Female,Fernandez,Louise
jmasonb7@ebay.com,404,11.81.0.92,86-(505)479-3702,Female,Mason,Joan
nortizb8@sciencedaily.com,405,107.253.223.146,55-(984)204-5179,Female,Ortiz,Nicole
aortizb9@sourceforge.net,406,70.241.148.26,63-(136)613-8876,Female,Ortiz,Anne
sharperba@indiatimes.com,407,123.27.162.21,1-(164)997-9334,Female,Harper,Susan
lstevensbb@redcross.org,408,213.222.104.63,420-(197)128-4857,Male,Stevens,Lawrence
cshawbc@de.vu,409,54.148.142.10,62-(183)572-5487,Male,Shaw,Clarence
jmoralesbd@forbes.com,410,187.99.82.7,7-(600)494-9606,Male,Morales,John
garnoldbe@tiny.cc,411,23.11.108.148,48-(554)225-1046,Male,Arnold,George
sknightbf@diigo.com,412,197.202.237.250,86-(542)740-3199,Female,Knight,Susan
bmoorebg@bbb.org,413,209.243.196.171,55-(910)782-3541,Female,Moore,Brenda
dhillbh@weather.com,414,69.112.231.34,62-(851)756-2452,Female,Hill,Deborah
mwagnerbi@ustream.tv,415,142.31.167.54,420-(538)218-8562,Male,Wagner,Mark
jscottbj@last.fm,416,9.252.203.166,962-(892)494-3448,Female,Scott,Jane
pcoxbk@marriott.com,417,33.212.215.65,46-(250)276-3137,Female,Cox,Paula
jtorresbl@tamu.edu,418,113.141.93.159,86-(849)880-8619,Male,Torres,Juan
phunterbm@wordpress.org,419,22.53.209.78,81-(701)428-9302,Female,Hunter,Phyllis
mgeorgebn@uiuc.edu,420,72.174.215.187,235-(638)620-4165,Female,George,Martha
gwestbo@latimes.com,421,134.131.169.180,86-(614)785-8938,Male,West,Gregory
hhillbp@printfriendly.com,422,82.70.53.126,33-(252)682-8802,Male,Hill,Harry
lschmidtbq@fc2.com,423,60.240.46.40,86-(489)500-4289,Female,Schmidt,Lisa
amurphybr@i2i.jp,424,125.214.113.114,1-(682)367-5278,Female,Murphy,Andrea
trichardsbs@php.net,425,200.92.78.178,86-(426)425-2865,Female,Richards,Tina
jsimmonsbt@examiner.com,426,56.145.119.64,966-(566)153-2148,Male,Simmons,Joseph
jmillsbu@statcounter.com,427,9.74.163.36,355-(470)554-5873,Male,Mills,Juan
hwoodsbv@discuz.net,428,189.208.71.195,216-(903)978-6627,Female,Woods,Heather
egarrettbw@illinois.edu,429,192.148.106.156,86-(557)985-8824,Male,Garrett,Eugene
sgordonbx@amazonaws.com,430,169.233.90.143,51-(171)117-2376,Female,Gordon,Susan
rbrooksby@walmart.com,431,17.77.175.249,351-(404)610-9787,Male,Brooks,Randy
rmorganbz@army.mil,432,11.85.84.105,86-(273)608-3964,Female,Morgan,Ruth
aryanc0@google.ca,433,14.142.216.127,232-(479)774-0154,Female,Ryan,Anna
mturnerc1@yellowpages.com,434,192.143.191.167,62-(629)875-7935,Female,Turner,Marilyn
rmitchellc2@java.com,435,184.125.77.199,7-(137)359-7923,Male,Mitchell,Randy
nbrooksc3@seattletimes.com,436,166.127.105.0,86-(706)938-3070,Female,Brooks,Nancy
jphillipsc4@ocn.ne.jp,437,227.85.48.55,62-(453)274-0215,Female,Phillips,Jacqueline
pjenkinsc5@nytimes.com,438,1.53.218.222,86-(896)171-2174,Female,Jenkins,Pamela
ebutlerc6@ovh.net,439,167.52.195.228,86-(838)300-8993,Male,Butler,Ernest
padamsc7@purevolume.com,440,160.40.139.41,1-(408)915-3255,Male,Adams,Philip
eriverac8@amazon.de,441,110.66.69.138,86-(113)838-3111,Female,Rivera,Emily
alawrencec9@php.net,442,128.178.8.207,62-(110)693-9729,Male,Lawrence,Anthony
sgonzalezca@wordpress.org,443,2.131.208.139,244-(699)190-6388,Male,Gonzalez,Shawn
astonecb@redcross.org,444,232.31.152.236,86-(319)786-9435,Female,Stone,Annie
rgrahamcc@admin.ch,445,204.155.130.13,967-(789)452-1445,Male,Graham,Ryan
bfranklincd@gov.uk,446,30.35.64.49,86-(772)351-7455,Female,Franklin,Bonnie
dmeyerce@wisc.edu,447,231.225.218.161,380-(774)310-8619,Female,Meyer,Debra
staylorcf@istockphoto.com,448,182.169.106.196,374-(629)488-5231,Male,Taylor,Shawn
emontgomerycg@goo.ne.jp,449,49.9.45.187,505-(297)701-1587,Male,Montgomery,Eugene
mreedch@cbc.ca,450,224.180.66.237,86-(966)300-8518,Male,Reed,Matthew
kvasquezci@sciencedaily.com,451,40.249.173.132,359-(119)459-3882,Female,Vasquez,Karen
kwardcj@ibm.com,452,190.87.73.109,55-(926)959-9422,Male,Ward,Keith
agrahamck@ebay.com,453,180.89.126.236,420-(892)216-6781,Male,Graham,Andrew
cjacksoncl@infoseek.co.jp,454,55.252.34.132,48-(834)699-8149,Female,Jackson,Carol
bboydcm@1und1.de,455,237.97.11.56,55-(154)372-6374,Male,Boyd,Brian
rburtoncn@mayoclinic.com,456,191.207.46.54,351-(285)140-7119,Female,Burton,Rachel
jrobertsco@nsw.gov.au,457,38.185.228.189,86-(465)498-8462,Female,Roberts,Janet
cbellcp@taobao.com,458,56.117.214.128,86-(295)188-3766,Female,Bell,Cynthia
mstewartcq@chicagotribune.com,459,6.18.189.112,86-(723)715-1014,Male,Stewart,Matthew
tmorriscr@51.la,460,94.63.5.92,52-(482)272-8193,Male,Morris,Thomas
sgarrettcs@naver.com,461,38.173.158.89,54-(838)560-4179,Male,Garrett,Steven
gsimpsonct@xrea.com,462,115.33.131.133,62-(289)708-3451,Male,Simpson,Gerald
jryancu@google.co.uk,463,211.221.50.142,81-(901)329-8611,Male,Ryan,Jimmy
kwhitecv@squidoo.com,464,239.43.112.71,351-(992)422-2068,Female,White,Kathleen
wstevenscw@bravesites.com,465,96.22.217.0,86-(169)961-1746,Male,Stevens,Walter
ahansencx@meetup.com,466,132.166.216.185,964-(362)681-1207,Female,Hansen,Andrea
dstewartcy@moonfruit.com,467,217.116.31.114,242-(345)341-4634,Female,Stewart,Debra
edaycz@liveinternet.ru,468,92.32.210.238,55-(276)360-5887,Male,Day,Eugene
kgilbertd0@sourceforge.net,469,198.167.11.211,1-(639)938-5999,Female,Gilbert,Karen
awarrend1@newyorker.com,470,67.46.7.214,86-(669)147-7844,Male,Warren,Andrew
lpalmerd2@nyu.edu,471,145.149.197.210,226-(259)409-3594,Female,Palmer,Laura
llynchd3@army.mil,472,129.7.168.152,48-(475)970-7043,Female,Lynch,Lori
bvasquezd4@mapquest.com,473,218.17.163.244,46-(792)960-5125,Female,Vasquez,Betty
agarrettd5@bravesites.com,474,247.29.235.184,996-(344)376-8435,Male,Garrett,Antonio
rpalmerd6@springer.com,475,148.202.134.42,62-(151)546-8517,Male,Palmer,Randy
mmasond7@google.nl,476,150.131.236.77,66-(876)933-8175,Male,Mason,Michael
awebbd8@timesonline.co.uk,477,184.147.227.196,92-(991)151-0733,Male,Webb,Arthur
irosed9@buzzfeed.com,478,38.37.55.167,63-(999)876-8853,Female,Rose,Irene
jmillerda@moonfruit.com,479,50.178.126.143,62-(928)603-0833,Female,Miller,Judith
eoliverdb@people.com.cn,480,226.147.195.18,66-(606)138-1199,Female,Oliver,Emily
emasondc@bluehost.com,481,193.245.226.244,86-(984)531-1513,Male,Mason,Eric
kmartinezdd@pbs.org,482,194.60.212.199,62-(888)761-1455,Female,Martinez,Karen
kandrewsde@unesco.org,483,138.68.117.167,1-(512)278-8100,Male,Andrews,Kevin
alongdf@webnode.com,484,118.180.42.209,62-(554)228-0101,Male,Long,Andrew
ldeandg@howstuffworks.com,485,149.193.197.175,31-(747)741-9742,Female,Dean,Lillian
dgonzalezdh@scientificamerican.com,486,61.26.196.65,86-(624)414-5024,Female,Gonzalez,Doris
bfloresdi@plala.or.jp,487,213.55.178.41,420-(521)468-3856,Female,Flores,Brenda
dsmithdj@ibm.com,488,25.109.76.189,993-(648)836-1107,Male,Smith,Dennis
ddanielsdk@blogs.com,489,85.27.194.138,968-(536)446-8973,Female,Daniels,Dorothy
ecarpenterdl@instagram.com,490,201.71.130.213,374-(971)874-5583,Male,Carpenter,Eric
mrosedm@ask.com,491,245.146.34.160,380-(427)120-2314,Female,Rose,Marie
mbakerdn@google.co.jp,492,93.133.19.14,86-(203)584-2442,Female,Baker,Maria
tmillerdo@bigcartel.com,493,107.50.52.215,86-(397)297-4897,Female,Miller,Teresa
mscottdp@bbc.co.uk,494,66.73.28.235,81-(193)627-3376,Male,Scott,Martin
ssimsdq@comcast.net,495,163.155.210.121,48-(726)606-9258,Female,Sims,Sharon
hcarrolldr@apache.org,496,107.149.87.69,33-(558)140-6400,Male,Carroll,Henry
lcolemands@un.org,497,26.100.194.229,375-(913)817-6957,Female,Coleman,Lisa
tpalmerdt@behance.net,498,252.253.67.228,52-(663)519-9982,Male,Palmer,Timothy
jmooredu@hugedomains.com,499,239.220.51.155,48-(762)421-8048,Female,Moore,Jessica
mriveradv@flavors.me,500,246.207.97.220,51-(679)760-7663,Female,Rivera,Martha
jstephensdw@w3.org,501,235.50.206.192,359-(892)841-0830,Female,Stephens,Joyce
awalkerdx@stanford.edu,502,191.146.91.167,505-(985)952-2133,Female,Walker,Annie
dkelleydy@fda.gov,503,140.109.9.33,86-(766)708-5672,Female,Kelley,Dorothy
cjacksondz@house.gov,504,8.242.190.92,33-(335)402-4174,Female,Jackson,Cynthia
jbowmane0@prnewswire.com,505,175.67.92.161,86-(479)303-5451,Male,Bowman,Joshua
acooke1@twitter.com,506,158.159.216.147,27-(805)838-7032,Male,Cook,Albert
jjenkinse2@skyrock.com,507,63.180.184.88,359-(100)510-4996,Male,Jenkins,Jack
abrookse3@state.tx.us,508,195.205.219.243,86-(332)625-6737,Female,Brooks,Angela
kowense4@disqus.com,509,67.20.10.52,49-(952)839-1294,Male,Owens,Kevin
craye5@sbwire.com,510,77.0.238.244,86-(524)116-7251,Male,Ray,Chris
sstonee6@eepurl.com,511,32.232.65.222,1-(717)970-7827,Male,Stone,Scott
chernandeze7@eepurl.com,512,119.174.104.139,1-(263)474-1765,Female,Hernandez,Carol
jhudsone8@geocities.com,513,140.48.4.39,46-(893)384-1778,Female,Hudson,Jessica
lwallacee9@sbwire.com,514,57.33.169.4,95-(786)579-9977,Male,Wallace,Larry
mlawsonea@economist.com,515,146.89.62.70,33-(295)812-5686,Female,Lawson,Melissa
jsnydereb@gnu.org,516,136.252.189.238,7-(865)362-5231,Female,Snyder,Jennifer
acruzec@usda.gov,517,79.30.159.45,374-(671)667-7871,Female,Cruz,Anne
jwalkered@google.com,518,162.33.186.240,86-(613)649-1899,Female,Walker,Jennifer
rkelleyee@nydailynews.com,519,96.157.135.196,63-(876)834-5951,Male,Kelley,Ronald
pstoneef@example.com,520,227.183.66.234,51-(258)119-8555,Female,Stone,Patricia
cturnereg@adobe.com,521,61.232.241.206,62-(429)122-3547,Male,Turner,Carlos
bwilliamsoneh@jigsy.com,522,162.190.125.69,86-(100)437-4788,Female,Williamson,Brenda
hcarpenterei@php.net,523,190.132.165.220,33-(653)646-2168,Male,Carpenter,Henry
bhenryej@tiny.cc,524,71.32.187.252,51-(292)166-1014,Female,Henry,Betty
egarzaek@dyndns.org,525,41.26.158.213,62-(924)109-7794,Female,Garza,Evelyn
abutlerel@hugedomains.com,526,73.157.199.40,63-(944)535-0253,Female,Butler,Amanda
jrayem@unesco.org,527,127.105.203.138,81-(533)837-0686,Male,Ray,Jesse
scampbellen@zimbio.com,528,165.66.76.20,62-(387)317-8934,Female,Campbell,Shirley
jjacksoneo@devhub.com,529,202.107.153.246,33-(255)115-7316,Male,Jackson,James
dcarrollep@mapy.cz,530,69.47.239.181,54-(773)123-0801,Male,Carroll,David
jmorriseq@bloglovin.com,531,225.147.205.30,54-(223)539-9328,Male,Morris,Jimmy
jruizer@google.ca,532,172.255.226.197,63-(395)504-9754,Female,Ruiz,Jacqueline
kmorrisones@geocities.jp,533,63.59.190.240,7-(100)114-8555,Female,Morrison,Kathy
mjenkinset@whitehouse.gov,534,250.143.87.146,55-(669)795-8728,Male,Jenkins,Matthew
afergusoneu@icq.com,535,21.210.241.228,1-(216)342-7155,Female,Ferguson,Amy
rmontgomeryev@godaddy.com,536,172.44.248.126,55-(503)867-7378,Female,Montgomery,Rachel
ccoxew@goodreads.com,537,76.109.132.33,212-(303)209-2933,Male,Cox,Craig
adunnex@gravatar.com,538,72.83.94.212,46-(343)948-3605,Female,Dunn,Andrea
mmurrayey@elegantthemes.com,539,175.45.95.181,33-(607)875-1043,Female,Murray,Margaret
bphillipsez@woothemes.com,540,103.231.89.236,7-(984)200-3904,Female,Phillips,Beverly
jarnoldf0@123-reg.co.uk,541,43.152.7.109,86-(159)340-5125,Male,Arnold,Joshua
rcarpenterf1@latimes.com,542,89.189.249.63,48-(774)913-0193,Male,Carpenter,Russell
cmorganf2@berkeley.edu,543,222.193.197.146,86-(368)552-3546,Female,Morgan,Carolyn
mjohnstonf3@china.com.cn,544,89.46.86.167,370-(361)272-6994,Male,Johnston,Michael
rrodriguezf4@symantec.com,545,87.27.186.99,62-(604)238-1764,Male,Rodriguez,Ryan
mkingf5@huffingtonpost.com,546,91.98.244.4,86-(374)897-8943,Female,King,Margaret
kboydf6@dell.com,547,37.38.45.32,27-(144)389-5067,Male,Boyd,Keith
celliottf7@cornell.edu,548,70.70.70.104,86-(119)971-3787,Female,Elliott,Cheryl
dvasquezf8@ft.com,549,90.60.254.13,45-(484)116-2008,Male,Vasquez,Donald
wcoxf9@economist.com,550,43.243.255.254,20-(751)703-0790,Female,Cox,Wanda
mboydfa@exblog.jp,551,0.249.188.206,62-(614)225-6488,Female,Boyd,Martha
ahudsonfb@sphinn.com,552,212.173.210.142,62-(434)559-1257,Male,Hudson,Anthony
jblackfc@google.fr,553,63.52.84.149,86-(286)964-4469,Male,Black,Jimmy
cmitchellfd@51.la,554,162.151.124.237,86-(325)269-5172,Male,Mitchell,Carlos
hwarrenfe@friendfeed.com,555,162.249.203.26,86-(667)109-1554,Male,Warren,Howard
lwheelerff@timesonline.co.uk,556,108.143.102.96,86-(651)321-2553,Male,Wheeler,Larry
aoliverfg@irs.gov,557,138.121.76.168,62-(246)132-2921,Male,Oliver,Andrew
gandersonfh@ning.com,558,236.36.189.132,64-(805)265-8851,Female,Anderson,Gloria
acarpenterfi@flickr.com,559,171.38.159.23,220-(637)635-8655,Female,Carpenter,Andrea
eporterfj@unicef.org,560,226.206.88.125,86-(347)678-1917,Male,Porter,Eugene
byoungfk@wufoo.com,561,36.27.112.91,62-(698)763-1824,Male,Young,Brandon
gwelchfl@mit.edu,562,241.59.244.198,380-(336)717-6589,Female,Welch,Gloria
rmccoyfm@howstuffworks.com,563,249.20.209.113,82-(402)260-3333,Male,Mccoy,Ralph
pbrooksfn@discovery.com,564,200.80.195.5,420-(287)584-1252,Male,Brooks,Paul
mallenfo@npr.org,565,123.90.203.22,52-(986)184-6273,Female,Allen,Maria
kchavezfp@hostgator.com,566,162.223.216.123,86-(329)303-2466,Female,Chavez,Kimberly
cdayfq@blogger.com,567,152.156.44.226,54-(234)143-7953,Female,Day,Catherine
mandrewsfr@mayoclinic.com,568,146.16.252.43,34-(819)306-7311,Male,Andrews,Martin
sknightfs@google.co.jp,569,148.118.101.50,30-(635)287-3370,Male,Knight,Steven
jruizft@amazonaws.com,570,27.232.44.129,86-(944)611-4423,Male,Ruiz,Jose
wperryfu@themeforest.net,571,84.34.176.188,86-(129)509-7683,Male,Perry,Willie
ariverafv@freewebs.com,572,120.204.133.113,48-(146)423-5309,Male,Rivera,Anthony
mwalkerfw@disqus.com,573,60.12.170.38,62-(209)121-0280,Female,Walker,Marilyn
drayfx@discovery.com,574,128.125.44.17,234-(845)771-1390,Female,Ray,Diana
ktaylorfy@google.de,575,127.160.210.181,86-(606)719-2107,Male,Taylor,Kenneth
narmstrongfz@fc2.com,576,120.1.250.120,505-(257)699-3140,Female,Armstrong,Norma
sbutlerg0@ow.ly,577,71.216.173.215,976-(262)431-5969,Male,Butler,Scott
phallg1@foxnews.com,578,124.184.114.114,46-(304)377-3425,Male,Hall,Peter
mrichardsg2@cnbc.com,579,249.252.211.73,86-(504)429-4051,Male,Richards,Michael
ablackg3@yahoo.com,580,152.224.202.83,48-(905)697-1725,Male,Black,Albert
jhanseng4@e-recht24.de,581,182.5.153.224,86-(264)434-8214,Female,Hansen,Jacqueline
jbaileyg5@yahoo.co.jp,582,223.1.208.209,86-(344)856-9800,Male,Bailey,Jose
vhawkinsg6@yelp.com,583,0.168.119.221,225-(878)854-1078,Female,Hawkins,Virginia
twilliamsg7@ning.com,584,191.2.191.92,86-(930)227-7695,Male,Williams,Todd
phughesg8@canalblog.com,585,221.161.213.213,255-(588)704-0539,Female,Hughes,Patricia
lfloresg9@free.fr,586,50.121.156.180,86-(619)191-8905,Female,Flores,Louise
jshawga@adobe.com,587,145.238.35.221,54-(314)194-2219,Male,Shaw,Jeffrey
lgreenegb@typepad.com,588,194.68.221.7,389-(973)277-3495,Female,Greene,Lisa
akinggc@vkontakte.ru,589,220.155.154.230,45-(342)974-7115,Female,King,Amanda
awillisgd@quantcast.com,590,129.173.180.168,420-(818)802-5348,Male,Willis,Aaron
kgarrettge@theatlantic.com,591,39.120.59.63,86-(702)378-7928,Female,Garrett,Kelly
salvarezgf@youtube.com,592,75.43.244.242,86-(259)445-6708,Female,Alvarez,Sandra
fgilbertgg@networkadvertising.org,593,254.166.80.233,62-(825)594-9171,Male,Gilbert,Fred
afernandezgh@senate.gov,594,246.239.69.250,86-(643)838-0179,Male,Fernandez,Albert
tcastillogi@bing.com,595,241.85.168.58,86-(661)443-9119,Male,Castillo,Terry
twebbgj@ning.com,596,223.193.126.15,7-(272)654-0666,Female,Webb,Teresa
gperkinsgk@wikipedia.org,597,2.62.12.146,86-(694)783-7067,Male,Perkins,Gary
ghendersongl@reuters.com,598,196.173.158.249,98-(498)706-3517,Male,Henderson,Gerald
dwashingtongm@bloglines.com,599,38.50.131.2,63-(830)280-9291,Female,Washington,Debra
drosegn@google.com.hk,600,5.61.125.92,94-(208)328-0154,Male,Rose,Douglas
wrichardsongo@seattletimes.com,601,69.165.80.249,57-(470)895-1379,Male,Richardson,Walter
bpattersongp@opera.com,602,82.27.14.33,233-(247)664-1399,Male,Patterson,Billy
blanegq@paginegialle.it,603,88.154.178.2,598-(968)173-7004,Male,Lane,Brandon
rgutierrezgr@wufoo.com,604,243.103.28.17,33-(819)692-7613,Male,Gutierrez,Ryan
wromerogs@va.gov,605,170.65.141.171,33-(895)583-6919,Male,Romero,William
amendozagt@altervista.org,606,120.15.39.34,64-(298)828-3810,Male,Mendoza,Anthony
hwallacegu@europa.eu,607,28.67.149.150,47-(206)417-6056,Male,Wallace,Henry
sedwardsgv@addthis.com,608,212.56.31.216,30-(282)836-1937,Male,Edwards,Steven
rcolegw@uiuc.edu,609,203.234.107.88,63-(910)424-1562,Male,Cole,Ralph
ehawkinsgx@businessweek.com,610,229.178.236.42,505-(669)726-6305,Female,Hawkins,Emily
rkelleygy@w3.org,611,94.185.134.192,212-(361)870-3420,Female,Kelley,Rebecca
smooregz@cocolog-nifty.com,612,104.243.185.103,962-(109)987-8509,Female,Moore,Sarah
jstanleyh0@cpanel.net,613,153.137.143.86,62-(755)290-5346,Male,Stanley,Joshua
dhowardh1@engadget.com,614,196.63.7.133,48-(874)550-4178,Male,Howard,Donald
dgrahamh2@upenn.edu,615,47.244.109.251,62-(855)712-6602,Male,Graham,Dennis
pfrazierh3@foxnews.com,616,216.209.102.202,62-(254)756-7407,Male,Frazier,Patrick
arileyh4@goo.ne.jp,617,15.46.198.56,48-(528)752-1009,Female,Riley,Annie
abishoph5@java.com,618,72.197.225.120,46-(285)483-4275,Female,Bishop,Alice
spalmerh6@oakley.com,619,162.195.106.110,62-(761)674-1566,Female,Palmer,Susan
jturnerh7@mapquest.com,620,63.98.55.185,998-(401)152-4643,Male,Turner,Justin
jtaylorh8@canalblog.com,621,221.54.103.56,234-(209)835-2013,Female,Taylor,Janet
rbrownh9@pcworld.com,622,174.127.243.216,373-(908)479-5734,Male,Brown,Ryan
ekingha@diigo.com,623,130.150.239.229,7-(480)477-5493,Female,King,Evelyn
jfieldshb@sakura.ne.jp,624,15.188.88.171,63-(830)390-8771,Male,Fields,Juan
mkinghc@icio.us,625,27.171.210.144,86-(302)361-1964,Female,King,Marilyn
sharrishd@fotki.com,626,36.35.248.221,7-(419)649-8074,Female,Harris,Sharon
jreyeshe@craigslist.org,627,245.27.11.24,54-(114)583-4145,Male,Reyes,Joseph
lmedinahf@digg.com,628,195.170.68.85,33-(297)750-6517,Male,Medina,Larry
tmontgomeryhg@elpais.com,629,160.8.75.111,86-(302)409-5132,Female,Montgomery,Teresa
slewishh@infoseek.co.jp,630,150.74.50.159,7-(993)548-8593,Male,Lewis,Shawn
gkinghi@t.co,631,102.129.12.218,1-(785)315-5456,Male,King,Gary
malvarezhj@scientificamerican.com,632,4.200.64.166,63-(653)869-4206,Female,Alvarez,Marie
nmontgomeryhk@jalbum.net,633,44.135.63.66,66-(501)330-1572,Female,Montgomery,Nancy
aramoshl@ebay.co.uk,634,170.35.101.48,55-(985)305-3866,Male,Ramos,Albert
kbellhm@typepad.com,635,244.103.172.162,380-(702)370-7946,Female,Bell,Karen
nrayhn@toplist.cz,636,138.226.226.219,7-(892)674-2898,Female,Ray,Nicole
sbanksho@arstechnica.com,637,137.51.167.208,86-(422)554-6581,Male,Banks,Shawn
jcollinshp@icq.com,638,66.11.196.227,7-(594)659-8411,Female,Collins,Janet
jbrownhq@networksolutions.com,639,159.45.4.97,66-(891)200-5467,Female,Brown,Jean
jgilberthr@w3.org,640,161.203.148.117,1-(639)832-0538,Female,Gilbert,Jennifer
cstonehs@over-blog.com,641,217.43.192.61,46-(483)821-1791,Male,Stone,Charles
rolsonht@nih.gov,642,3.224.231.201,502-(436)721-8200,Male,Olson,Roger
fwilliamsonhu@xing.com,643,64.39.21.149,86-(546)958-9076,Male,Williamson,Frank
emontgomeryhv@stumbleupon.com,644,193.124.154.38,386-(976)135-6871,Male,Montgomery,Ernest
msanchezhw@oaic.gov.au,645,177.248.252.1,20-(232)814-5641,Male,Sanchez,Martin
bduncanhx@cornell.edu,646,196.202.108.46,55-(638)920-5307,Female,Duncan,Bonnie
phawkinshy@instagram.com,647,85.202.100.154,55-(661)907-0412,Female,Hawkins,Pamela
gbryanthz@miitbeian.gov.cn,648,244.121.142.19,62-(961)586-3815,Male,Bryant,Gary
cellisi0@miibeian.gov.cn,649,165.152.156.137,967-(604)562-8266,Female,Ellis,Catherine
jpricei1@amazon.de,650,97.92.168.119,598-(321)851-1176,Male,Price,Johnny
bhansoni2@example.com,651,138.223.132.146,81-(772)561-7949,Male,Hanson,Brandon
acampbelli3@senate.gov,652,91.136.118.111,62-(209)975-6447,Female,Campbell,Ann
devansi4@princeton.edu,653,161.70.10.4,254-(924)548-6485,Female,Evans,Debra
larnoldi5@earthlink.net,654,90.66.208.9,62-(891)704-3653,Female,Arnold,Lisa
smorgani6@dedecms.com,655,109.191.198.8,86-(319)411-6453,Female,Morgan,Sandra
rboydi7@cbslocal.com,656,31.187.78.234,55-(649)825-9212,Female,Boyd,Rachel
jbutleri8@samsung.com,657,121.27.55.121,7-(801)792-2726,Female,Butler,Joyce
jhansoni9@nyu.edu,658,212.218.56.206,86-(497)763-7566,Male,Hanson,James
lryania@sakura.ne.jp,659,7.51.242.81,54-(434)462-2928,Male,Ryan,Larry
srossib@netscape.com,660,78.244.213.208,7-(403)252-6651,Male,Ross,Stephen
cgeorgeic@ft.com,661,16.172.32.229,1-(812)444-7368,Male,George,Craig
ngibsonid@oracle.com,662,206.159.3.70,62-(878)695-6875,Female,Gibson,Nicole
jwilliamsie@state.tx.us,663,238.154.33.117,375-(686)954-5721,Male,Williams,Jason
bperryif@tmall.com,664,23.33.91.74,30-(554)801-9571,Female,Perry,Betty
lwatsonig@dropbox.com,665,100.114.223.113,358-(980)343-8569,Female,Watson,Linda
rreyesih@chronoengine.com,666,45.9.14.139,1-(360)593-9684,Male,Reyes,Robert
charperii@discuz.net,667,128.51.199.182,225-(162)781-7445,Male,Harper,Charles
mdeanij@tripod.com,668,197.178.54.187,62-(512)761-7352,Female,Dean,Michelle
cbennettik@nifty.com,669,181.237.216.202,48-(358)596-1693,Male,Bennett,Charles
hgrayil@studiopress.com,670,132.137.77.56,420-(801)174-7424,Female,Gray,Heather
scollinsim@elegantthemes.com,671,67.220.157.242,7-(988)668-2602,Female,Collins,Stephanie
mlawsonin@salon.com,672,146.24.80.34,33-(779)751-4036,Female,Lawson,Mary
rreyesio@skyrock.com,673,190.10.195.245,7-(186)823-1037,Male,Reyes,Ryan
dthompsonip@fotki.com,674,18.99.242.129,351-(963)906-5543,Male,Thompson,Donald
kpayneiq@ibm.com,675,89.140.153.233,56-(811)201-3196,Female,Payne,Kelly
hwebbir@163.com,676,77.76.63.65,86-(614)910-4138,Female,Webb,Heather
sgilbertis@theglobeandmail.com,677,39.82.205.14,63-(130)806-2537,Female,Gilbert,Susan
awilliamsit@msn.com,678,202.253.174.36,33-(259)182-6279,Male,Williams,Anthony
kwatsoniu@dedecms.com,679,174.235.124.202,86-(374)305-9149,Female,Watson,Kathleen
rjacobsiv@scientificamerican.com,680,53.17.128.25,81-(820)115-9318,Male,Jacobs,Ralph
pmillsiw@ovh.net,681,161.182.83.172,7-(471)342-1602,Male,Mills,Paul
cdavisix@nih.gov,682,52.190.246.31,51-(885)185-3224,Male,Davis,Christopher
tleeiy@moonfruit.com,683,224.138.29.111,33-(808)572-3953,Male,Lee,Todd
carmstrongiz@cnbc.com,684,128.0.37.130,86-(208)940-1006,Male,Armstrong,Carl
hwheelerj0@chron.com,685,213.42.126.139,48-(685)802-0680,Female,Wheeler,Heather
ngilbertj1@time.com,686,56.41.143.239,504-(855)913-5323,Female,Gilbert,Nancy
sbowmanj2@salon.com,687,52.56.4.156,63-(100)838-0491,Female,Bowman,Sharon
cgordonj3@hhs.gov,688,109.79.67.173,62-(600)806-0709,Female,Gordon,Carolyn
nperryj4@blinklist.com,689,142.144.65.113,86-(704)788-7081,Female,Perry,Norma
lreyesj5@cpanel.net,690,150.217.244.88,62-(102)969-0774,Female,Reyes,Lois
ngarrettj6@stanford.edu,691,72.152.233.233,33-(892)406-8779,Female,Garrett,Nancy
dlewisj7@dailymail.co.uk,692,71.255.235.246,967-(369)913-7171,Male,Lewis,Dennis
jcarrj8@instagram.com,693,114.159.168.207,62-(641)951-4012,Female,Carr,Jane
cwrightj9@creativecommons.org,694,180.190.96.48,7-(308)210-6815,Female,Wright,Cheryl
jmartinezja@upenn.edu,695,78.84.41.214,86-(839)602-7153,Male,Martinez,Jason
sgrayjb@about.me,696,210.186.90.4,33-(875)959-3921,Male,Gray,Stephen
jcampbelljc@hhs.gov,697,46.155.145.12,420-(224)483-3203,Male,Campbell,Joe
chowardjd@toplist.cz,698,80.52.50.151,7-(702)135-8305,Male,Howard,Carlos
dgrahamje@google.pl,699,56.45.89.75,351-(968)542-0912,Male,Graham,Daniel
kbennettjf@newyorker.com,700,207.81.132.98,420-(292)180-1839,Female,Bennett,Kimberly
klopezjg@edublogs.org,701,241.42.109.156,55-(219)542-5979,Female,Lopez,Kathy
etorresjh@prweb.com,702,92.51.51.3,86-(751)730-4639,Male,Torres,Eugene
rpetersonji@springer.com,703,53.214.73.195,33-(404)586-7724,Female,Peterson,Rose
jfosterjj@cbslocal.com,704,228.2.169.144,353-(723)352-4993,Male,Foster,Joseph
rcrawfordjk@drupal.org,705,69.152.133.63,1-(615)259-2862,Male,Crawford,Ryan
jryanjl@imageshack.us,706,82.218.57.246,63-(561)450-5561,Male,Ryan,James
dbrownjm@wikipedia.org,707,83.147.130.66,81-(184)535-0550,Female,Brown,Doris
jmoralesjn@dagondesign.com,708,180.39.122.121,420-(356)591-4030,Female,Morales,Jacqueline
bharperjo@shinystat.com,709,61.202.134.243,62-(556)494-8741,Male,Harper,Bobby
anicholsjp@jugem.jp,710,140.60.107.97,30-(867)548-4016,Female,Nichols,Amy
mriverajq@thetimes.co.uk,711,214.244.70.50,48-(648)178-3138,Female,Rivera,Marilyn
clittlejr@unesco.org,712,237.131.97.60,61-(715)703-6216,Female,Little,Carol
wlewisjs@netvibes.com,713,26.240.11.18,63-(343)436-5748,Male,Lewis,William
slynchjt@taobao.com,714,19.197.165.29,352-(366)348-3610,Female,Lynch,Susan
wbellju@xrea.com,715,45.189.146.222,86-(869)597-9585,Male,Bell,Willie
sgeorgejv@photobucket.com,716,43.193.228.40,57-(929)482-4603,Male,George,Sean
hgardnerjw@goo.gl,717,36.100.82.18,63-(398)950-2818,Male,Gardner,Harry
tcarpenterjx@discuz.net,718,86.206.43.36,7-(202)565-8142,Male,Carpenter,Timothy
jharveyjy@engadget.com,719,231.133.157.27,57-(252)935-4086,Male,Harvey,Jonathan
dhansenjz@networkadvertising.org,720,12.95.44.177,357-(508)236-6603,Female,Hansen,Donna
agordonk0@google.it,721,161.171.86.19,351-(885)757-0714,Male,Gordon,Alan
adiazk1@mayoclinic.com,722,76.1.164.249,86-(516)782-5443,Female,Diaz,Angela
wcooperk2@wisc.edu,723,159.28.70.89,7-(485)725-4842,Male,Cooper,William
cwoodsk3@google.ca,724,18.58.148.6,43-(350)945-3732,Female,Woods,Cheryl
mhillk4@twitpic.com,725,194.125.136.68,86-(477)590-5225,Female,Hill,Michelle
jcoxk5@plala.or.jp,726,4.36.44.166,86-(135)555-4979,Male,Cox,Jerry
ccollinsk6@ucoz.com,727,90.201.194.228,48-(229)615-8023,Male,Collins,Christopher
hgrantk7@yahoo.co.jp,728,171.240.95.8,962-(257)712-6120,Male,Grant,Henry
astevensk8@google.co.uk,729,76.241.193.225,62-(879)706-2588,Male,Stevens,Antonio
jtuckerk9@woothemes.com,730,251.195.43.189,86-(591)969-6695,Male,Tucker,Joe
tgutierrezka@example.com,731,137.61.85.171,86-(766)979-6448,Male,Gutierrez,Terry
sraykb@unc.edu,732,243.48.8.39,380-(744)860-5459,Female,Ray,Stephanie
hsullivankc@digg.com,733,150.156.70.15,595-(429)554-2779,Male,Sullivan,Henry
cmoorekd@cdc.gov,734,156.235.57.3,234-(342)207-0422,Male,Moore,Christopher
dgordonke@51.la,735,12.218.80.194,86-(129)143-5237,Male,Gordon,Donald
aalvarezkf@twitter.com,736,121.233.117.173,86-(130)780-9539,Female,Alvarez,Andrea
jandrewskg@php.net,737,101.98.4.192,389-(296)243-9260,Male,Andrews,Joshua
cgomezkh@mtv.com,738,154.131.149.148,93-(821)742-2226,Male,Gomez,Clarence
tbowmanki@biblegateway.com,739,169.233.212.117,62-(323)218-9431,Female,Bowman,Tammy
dbrookskj@myspace.com,740,35.154.36.223,81-(749)176-4761,Male,Brooks,Dennis
vmorenokk@geocities.com,741,154.18.132.164,7-(681)977-4611,Male,Moreno,Victor
jdaykl@biglobe.ne.jp,742,75.182.95.242,353-(486)401-7385,Female,Day,Jessica
ddixonkm@paginegialle.it,743,206.91.164.38,86-(762)832-4024,Female,Dixon,Diane
djohnstonkn@miibeian.gov.cn,744,18.242.126.104,591-(318)605-5462,Female,Johnston,Diane
mhicksko@twitter.com,745,104.229.72.183,420-(982)567-7749,Female,Hicks,Martha
csanderskp@a8.net,746,200.242.59.226,46-(379)212-0242,Female,Sanders,Carolyn
kmarshallkq@bing.com,747,240.14.172.97,63-(775)247-5556,Female,Marshall,Karen
smarshallkr@studiopress.com,748,62.201.158.203,66-(502)750-6434,Female,Marshall,Sandra
jhawkinsks@webeden.co.uk,749,92.192.182.84,977-(644)553-5540,Female,Hawkins,Jessica
awellskt@liveinternet.ru,750,221.218.154.77,7-(768)443-1977,Male,Wells,Alan
ghayesku@latimes.com,751,103.21.128.7,46-(592)631-7283,Female,Hayes,Gloria
hmurraykv@home.pl,752,101.204.211.17,46-(619)798-1613,Female,Murray,Heather
twoodskw@mediafire.com,753,85.92.249.174,53-(758)236-2530,Male,Woods,Timothy
kharrisonkx@hubpages.com,754,214.35.229.184,62-(916)488-2830,Male,Harrison,Kevin
lblackky@meetup.com,755,163.213.248.43,86-(287)978-5888,Female,Black,Louise
jryankz@comcast.net,756,8.221.151.60,55-(188)368-6359,Male,Ryan,Jerry
randersonl0@sun.com,757,215.223.180.232,52-(191)528-5978,Male,Anderson,Roger
skennedyl1@hc360.com,758,58.162.53.186,86-(426)622-7505,Female,Kennedy,Sharon
tramosl2@flavors.me,759,248.149.19.128,20-(704)695-7489,Male,Ramos,Todd
wcunninghaml3@dagondesign.com,760,47.47.38.141,86-(596)619-3416,Male,Cunningham,William
arichardsl4@biglobe.ne.jp,761,127.152.138.222,60-(458)530-7785,Female,Richards,Anna
rtaylorl5@globo.com,762,141.125.42.90,237-(669)807-8830,Male,Taylor,Raymond
cgilbertl6@multiply.com,763,5.188.118.176,351-(258)476-5385,Male,Gilbert,Charles
srossl7@businessweek.com,764,25.90.14.67,46-(551)879-7087,Female,Ross,Sharon
rgomezl8@prlog.org,765,247.190.49.91,44-(172)661-0110,Male,Gomez,Roy
jdunnl9@blogger.com,766,220.45.97.34,380-(571)210-3451,Female,Dunn,Judy
drichardsonla@sourceforge.net,767,195.213.151.127,57-(332)193-1091,Female,Richardson,Donna
rsmithlb@amazon.co.uk,768,154.100.16.250,7-(533)693-3555,Female,Smith,Rebecca
dhalllc@washingtonpost.com,769,141.206.107.36,46-(834)770-6001,Female,Hall,Diane
afosterld@chronoengine.com,770,253.130.233.79,86-(713)196-8787,Female,Foster,Amy
hwatsonle@qq.com,771,220.40.25.124,55-(364)913-9351,Male,Watson,Howard
kfullerlf@biblegateway.com,772,127.144.254.197,54-(222)613-9726,Male,Fuller,Keith
rwebblg@example.com,773,194.22.48.152,86-(712)609-6337,Male,Webb,Ronald
rrusselllh@nymag.com,774,126.90.140.145,351-(453)898-1992,Male,Russell,Ralph
ddiazli@nymag.com,775,135.70.64.58,48-(283)607-9736,Female,Diaz,Doris
kdeanlj@pen.io,776,223.206.221.174,86-(119)646-7708,Female,Dean,Kathy
draylk@taobao.com,777,19.110.204.249,55-(410)235-1567,Male,Ray,Dennis
hgonzalesll@nyu.edu,778,128.27.4.35,84-(705)592-1032,Female,Gonzales,Heather
athompsonlm@soundcloud.com,779,14.214.6.170,221-(342)838-2205,Male,Thompson,Alan
jhawkinsln@bandcamp.com,780,238.226.22.158,86-(381)242-3870,Male,Hawkins,Jimmy
jstevenslo@ucla.edu,781,76.27.28.186,62-(352)141-8793,Male,Stevens,Johnny
mthomaslp@artisteer.com,782,235.180.244.187,420-(613)177-7318,Male,Thomas,Mark
carnoldlq@sun.com,783,40.224.72.74,1-(641)481-9555,Male,Arnold,Carl
lhunterlr@xinhuanet.com,784,203.223.91.111,62-(824)842-1966,Female,Hunter,Laura
fmoralesls@purevolume.com,785,181.162.114.136,242-(235)402-3811,Male,Morales,Frank
astephenslt@prnewswire.com,786,234.204.187.195,46-(913)303-3195,Female,Stephens,Anna
aadamslu@google.ru,787,33.215.72.31,351-(471)148-2564,Female,Adams,Angela
dperezlv@parallels.com,788,117.145.147.223,95-(661)312-5392,Male,Perez,David
jgonzaleslw@studiopress.com,789,17.204.202.242,55-(949)588-9909,Male,Gonzales,Jonathan
gnicholslx@elegantthemes.com,790,91.79.6.153,53-(376)420-9332,Male,Nichols,George
cwilsonly@yelp.com,791,129.121.159.192,60-(367)229-3300,Female,Wilson,Catherine
mcooperlz@usnews.com,792,98.142.197.66,98-(416)136-5725,Male,Cooper,Mark
cryanm0@desdev.cn,793,106.237.153.246,995-(343)554-6683,Male,Ryan,Carl
vmendozam1@seattletimes.com,794,190.57.98.167,7-(375)993-0538,Male,Mendoza,Victor
bmarshallm2@weibo.com,795,226.44.214.177,353-(285)316-0079,Female,Marshall,Barbara
pandrewsm3@artisteer.com,796,84.170.206.38,63-(984)466-0474,Male,Andrews,Philip
mcampbellm4@topsy.com,797,163.2.194.56,370-(161)670-5588,Female,Campbell,Margaret
sgarzam5@toplist.cz,798,208.74.61.211,55-(442)800-1537,Female,Garza,Stephanie
sgonzalesm6@unesco.org,799,185.176.138.162,92-(630)428-6213,Male,Gonzales,Steven
jwatkinsm7@booking.com,800,92.31.34.208,62-(785)708-9120,Male,Watkins,Jimmy
lbradleym8@domainmarket.com,801,160.30.229.147,63-(768)652-8597,Female,Bradley,Lisa
ndixonm9@naver.com,802,156.153.188.67,63-(767)711-2163,Female,Dixon,Nancy
cgomezma@omniture.com,803,4.251.136.183,63-(498)669-5492,Female,Gomez,Cheryl
fhallmb@sohu.com,804,115.136.83.196,48-(261)760-6248,Male,Hall,Frank
jduncanmc@yale.edu,805,15.142.236.236,994-(619)339-1932,Female,Duncan,Jessica
bramosmd@tiny.cc,806,96.245.46.231,48-(899)282-4508,Male,Ramos,Bobby
ipierceme@opera.com,807,121.149.58.9,66-(647)977-1768,Female,Pierce,Irene
jrileymf@gravatar.com,808,224.41.141.27,86-(587)645-4738,Male,Riley,Jesse
alewismg@admin.ch,809,122.71.12.152,62-(115)300-9274,Female,Lewis,Angela
lmcdonaldmh@meetup.com,810,63.247.172.128,1-(788)993-7431,Male,Mcdonald,Louis
thallmi@wp.com,811,52.124.252.104,351-(113)261-1699,Male,Hall,Thomas
ajenkinsmj@yelp.com,812,13.61.34.233,48-(764)547-1036,Male,Jenkins,Adam
eschmidtmk@addthis.com,813,0.170.151.170,351-(166)310-9980,Female,Schmidt,Evelyn
shuntml@census.gov,814,102.244.102.144,234-(445)916-5480,Female,Hunt,Sandra
sromeromm@nymag.com,815,244.195.63.224,381-(870)477-0403,Male,Romero,Stephen
mcastillomn@4shared.com,816,201.60.56.4,62-(710)305-7758,Female,Castillo,Margaret
iperezmo@bloglovin.com,817,67.97.107.161,267-(771)311-4232,Female,Perez,Irene
rreyesmp@ustream.tv,818,3.162.70.58,55-(774)365-0932,Male,Reyes,Randy
gboydmq@wp.com,819,31.138.52.8,48-(766)549-3626,Male,Boyd,Gary
jbradleymr@booking.com,820,13.153.3.48,81-(831)178-8954,Male,Bradley,Jose
lstonems@mayoclinic.com,821,65.180.151.69,358-(329)514-7108,Male,Stone,Larry
mharveymt@cdbaby.com,822,195.36.180.255,62-(802)823-5323,Female,Harvey,Martha
cleemu@wordpress.com,823,78.189.124.102,63-(595)478-6762,Male,Lee,Carlos
bgrantmv@oracle.com,824,95.116.164.86,7-(164)592-8102,Female,Grant,Brenda
jrosemw@scribd.com,825,136.2.228.73,46-(753)545-8451,Male,Rose,James
lmartinezmx@networksolutions.com,826,198.249.236.8,51-(494)246-0354,Male,Martinez,Larry
jmillsmy@imdb.com,827,44.211.45.23,86-(179)939-2539,Male,Mills,Joseph
scartermz@pen.io,828,170.81.209.10,598-(833)474-8928,Female,Carter,Susan
tbakern0@ucoz.ru,829,37.26.253.13,62-(176)248-3431,Male,Baker,Terry
mperkinsn1@com.com,830,141.108.120.7,60-(994)830-5469,Female,Perkins,Margaret
jperryn2@kickstarter.com,831,20.57.233.234,383-(360)640-3357,Female,Perry,Judith
dblackn3@wikia.com,832,41.83.75.36,86-(774)898-6517,Male,Black,Douglas
tfloresn4@europa.eu,833,134.242.233.124,358-(431)641-1054,Male,Flores,Terry
rjordann5@shop-pro.jp,834,218.160.96.103,48-(579)255-2188,Female,Jordan,Rachel
slarsonn6@360.cn,835,36.96.95.202,63-(213)949-8967,Male,Larson,Scott
akellyn7@ftc.gov,836,49.6.224.137,351-(847)202-4882,Male,Kelly,Alan
griveran8@naver.com,837,27.48.233.63,86-(988)674-4793,Male,Rivera,Gary
kbanksn9@symantec.com,838,165.253.13.21,86-(580)430-9299,Female,Banks,Kathleen
bdeanna@elpais.com,839,194.188.240.8,7-(137)376-2135,Female,Dean,Brenda
apetersnb@bbc.co.uk,840,81.48.121.40,86-(760)745-9302,Male,Peters,Albert
dgonzaleznc@google.es,841,142.73.235.75,27-(612)789-1993,Female,Gonzalez,Diane
awarrennd@tmall.com,842,135.212.165.184,212-(883)807-8768,Male,Warren,Alan
ariverane@rediff.com,843,219.209.68.71,51-(367)854-6023,Male,Rivera,Antonio
hcastillonf@oaic.gov.au,844,2.74.238.206,253-(116)597-8425,Male,Castillo,Howard
fgeorgeng@oracle.com,845,137.140.155.132,58-(315)760-5212,Male,George,Fred
rharveynh@indiatimes.com,846,43.143.115.169,48-(645)725-9448,Male,Harvey,Ronald
emontgomeryni@google.es,847,45.161.232.111,86-(773)604-3712,Male,Montgomery,Ernest
trodrigueznj@dailymail.co.uk,848,164.5.197.254,81-(953)370-3357,Female,Rodriguez,Tammy
lhuntnk@blogs.com,849,20.227.238.73,63-(743)110-1918,Female,Hunt,Laura
jlanenl@elpais.com,850,67.22.198.68,255-(449)296-1403,Male,Lane,Jeremy
dkellynm@walmart.com,851,0.38.213.128,1-(794)764-7015,Female,Kelly,Denise
smartinnn@slate.com,852,154.119.228.175,505-(172)175-4575,Female,Martin,Sara
hcoleno@icq.com,853,209.139.210.163,30-(601)490-4313,Male,Cole,Harold
mturnernp@nba.com,854,61.11.44.174,81-(668)143-0664,Female,Turner,Melissa
jfreemannq@wsj.com,855,111.159.194.74,63-(751)146-1906,Female,Freeman,Janet
preednr@posterous.com,856,109.126.221.243,86-(243)717-3033,Female,Reed,Patricia
rkellyns@wired.com,857,46.177.158.20,1-(491)246-1063,Female,Kelly,Rose
jwoodnt@go.com,858,217.200.89.168,7-(859)491-6618,Female,Wood,Jessica
jjamesnu@vinaora.com,859,70.222.75.220,86-(523)994-0520,Male,James,Jimmy
mfranklinnv@auda.org.au,860,205.242.74.71,82-(236)309-7294,Female,Franklin,Marilyn
charrisonnw@freewebs.com,861,195.104.197.94,385-(693)998-6552,Male,Harrison,Christopher
dbrooksnx@nyu.edu,862,21.193.225.202,1-(330)814-4611,Female,Brooks,Doris
mduncanny@nasa.gov,863,45.47.100.10,351-(617)277-5613,Female,Duncan,Maria
tfloresnz@webs.com,864,28.215.237.202,62-(791)830-2501,Female,Flores,Tina
aramoso0@buzzfeed.com,865,146.113.236.253,86-(214)805-3799,Female,Ramos,Amanda
jjameso1@dyndns.org,866,67.174.111.90,63-(617)287-9182,Male,James,John
jburtono2@1und1.de,867,155.38.171.180,46-(123)312-5609,Female,Burton,Jane
efernandezo3@gov.uk,868,53.222.57.239,351-(158)632-6644,Female,Fernandez,Evelyn
tmasono4@friendfeed.com,869,231.19.223.122,7-(545)203-2328,Male,Mason,Terry
pberryo5@addtoany.com,870,21.81.240.41,7-(720)562-0419,Male,Berry,Peter
ariceo6@google.ca,871,116.46.225.75,1-(719)647-7496,Female,Rice,Amy
tparkero7@google.es,872,58.93.93.63,1-(775)820-6031,Female,Parker,Tina
vhernandezo8@infoseek.co.jp,873,209.135.30.157,86-(301)777-5021,Male,Hernandez,Victor
pkimo9@guardian.co.uk,874,214.246.133.8,34-(117)275-8502,Male,Kim,Philip
jleeoa@pbs.org,875,97.174.143.16,373-(644)938-7656,Male,Lee,Jack
kmillsob@businessweek.com,876,15.79.115.13,48-(672)401-7879,Male,Mills,Kenneth
vlopezoc@ow.ly,877,55.187.191.189,86-(487)146-9605,Male,Lopez,Victor
jcruzod@hubpages.com,878,194.212.14.60,212-(596)379-5328,Male,Cruz,Jason
kthompsonoe@i2i.jp,879,195.106.26.123,62-(726)855-9138,Female,Thompson,Kathryn
cfranklinof@linkedin.com,880,11.230.81.211,86-(578)976-5445,Female,Franklin,Carolyn
lgrahamog@tamu.edu,881,192.148.99.240,86-(337)814-7922,Female,Graham,Louise
jwhiteoh@goodreads.com,882,177.26.158.211,86-(378)551-1434,Female,White,Jacqueline
jpetersoi@icio.us,883,157.1.129.112,62-(895)757-1938,Female,Peters,Janet
jfranklinoj@yahoo.com,884,46.70.208.57,389-(726)621-3606,Male,Franklin,Jonathan
dgordonok@godaddy.com,885,105.44.144.27,86-(508)672-4533,Male,Gordon,Dennis
alewisol@twitpic.com,886,122.31.32.121,62-(500)338-4652,Male,Lewis,Arthur
afordom@etsy.com,887,197.31.113.88,7-(307)724-4121,Female,Ford,Ashley
bbutleron@yelp.com,888,180.247.191.231,30-(422)361-0991,Male,Butler,Benjamin
aramirezoo@w3.org,889,109.62.13.173,1-(617)369-4950,Female,Ramirez,Alice
wkingop@liveinternet.ru,890,54.253.140.67,62-(491)768-2809,Female,King,Wanda
ielliottoq@vistaprint.com,891,5.76.124.60,86-(554)248-3177,Female,Elliott,Irene
awellsor@linkedin.com,892,48.65.130.201,351-(729)496-2242,Male,Wells,Adam
fstewartos@bizjournals.com,893,133.32.233.237,30-(409)804-2415,Male,Stewart,Frank
whendersonot@comcast.net,894,232.129.42.19,374-(126)216-2664,Male,Henderson,Wayne
jwagnerou@dailymotion.com,895,193.220.30.103,27-(678)557-0347,Female,Wagner,Janet
jmcdonaldov@youtube.com,896,58.218.217.211,62-(151)886-1651,Female,Mcdonald,Joyce
jjenkinsow@cmu.edu,897,83.57.116.81,381-(471)540-4826,Male,Jenkins,Johnny
jburnsox@hibu.com,898,75.180.6.75,86-(566)954-0895,Male,Burns,Jerry
dcookoy@wikipedia.org,899,106.234.87.130,62-(767)161-5601,Female,Cook,Donna
fbrooksoz@oakley.com,900,6.212.224.19,86-(450)621-7716,Male,Brooks,Fred
amorrisp0@linkedin.com,901,53.9.202.20,51-(374)981-5683,Male,Morris,Anthony
ascottp1@i2i.jp,902,150.7.168.96,92-(796)374-5959,Female,Scott,Anne
mbellp2@paypal.com,903,119.110.123.3,48-(118)469-3479,Female,Bell,Maria
rharrisp3@admin.ch,904,220.155.243.56,62-(846)859-0079,Female,Harris,Rebecca
ncooperp4@imgur.com,905,113.49.51.212,351-(315)374-3479,Female,Cooper,Nancy
tfisherp5@tamu.edu,906,208.131.97.250,81-(101)985-7803,Male,Fisher,Thomas
jbarnesp6@quantcast.com,907,97.227.148.114,86-(922)568-3358,Male,Barnes,Juan
pperkinsp7@answers.com,908,105.166.58.230,53-(302)257-8047,Female,Perkins,Patricia
dstanleyp8@addtoany.com,909,196.251.197.61,94-(126)586-4426,Male,Stanley,David
pfullerp9@aboutads.info,910,160.96.110.94,62-(181)407-9780,Male,Fuller,Peter
aramospa@histats.com,911,103.109.20.217,57-(776)770-5650,Male,Ramos,Arthur
sflorespb@sakura.ne.jp,912,202.75.78.121,48-(638)402-9340,Female,Flores,Sara
cgilbertpc@admin.ch,913,62.246.139.141,33-(826)601-6300,Male,Gilbert,Craig
jbishoppd@house.gov,914,210.103.230.112,420-(317)372-9734,Female,Bishop,Joan
jsnyderpe@acquirethisname.com,915,237.138.47.88,86-(935)457-3833,Male,Snyder,Jerry
rwelchpf@networkadvertising.org,916,66.129.248.125,30-(716)539-8066,Male,Welch,Ralph
bbutlerpg@vistaprint.com,917,11.161.48.225,7-(935)726-9293,Male,Butler,Benjamin
rhamiltonph@bizjournals.com,918,234.119.234.161,84-(173)267-2778,Male,Hamilton,Roy
jnelsonpi@senate.gov,919,223.210.202.188,31-(541)964-6358,Male,Nelson,Jonathan
pmccoypj@unicef.org,920,204.136.208.54,850-(686)295-4487,Female,Mccoy,Phyllis
lbrownpk@meetup.com,921,18.146.41.233,389-(878)100-0638,Female,Brown,Lisa
tsimspl@msu.edu,922,26.16.21.0,86-(796)734-3640,Male,Sims,Todd
rgreenpm@newsvine.com,923,194.150.49.159,46-(587)449-2623,Male,Green,Roy
ndeanpn@wikispaces.com,924,205.94.208.112,86-(332)935-3262,Male,Dean,Nicholas
brobertspo@google.ru,925,0.126.197.242,1-(732)266-1702,Female,Roberts,Bonnie
ewilliamspp@usnews.com,926,19.177.236.72,375-(601)646-9384,Female,Williams,Elizabeth
nsimmonspq@europa.eu,927,255.90.226.236,62-(285)318-3461,Female,Simmons,Nancy
lcunninghampr@opera.com,928,101.69.163.50,970-(671)275-6893,Female,Cunningham,Lisa
dwatkinsps@opensource.org,929,170.98.64.97,46-(265)198-8496,Male,Watkins,Douglas
ddunnpt@dropbox.com,930,140.209.13.170,62-(293)551-7501,Male,Dunn,Douglas
hhenrypu@wikimedia.org,931,113.212.190.92,86-(156)293-0643,Male,Henry,Harry
swarrenpv@so-net.ne.jp,932,174.115.2.42,63-(327)231-4321,Male,Warren,Scott
tdaypw@eventbrite.com,933,97.113.96.104,33-(222)587-0493,Female,Day,Theresa
mrogerspx@1688.com,934,111.197.106.201,359-(808)193-4628,Female,Rogers,Melissa
dwatsonpy@geocities.jp,935,140.2.44.96,57-(842)253-3784,Female,Watson,Diane
ahowellpz@shinystat.com,936,233.154.105.82,86-(851)535-2162,Female,Howell,Anna
alittleq0@weibo.com,937,178.182.249.127,381-(696)307-8507,Female,Little,Anna
wgeorgeq1@pbs.org,938,41.185.78.125,351-(586)322-4647,Male,George,Wayne
khallq2@comsenz.com,939,172.37.236.50,86-(117)421-6020,Male,Hall,Keith
skellyq3@feedburner.com,940,45.187.201.242,62-(235)419-3826,Female,Kelly,Sharon
dwillisq4@e-recht24.de,941,25.255.61.98,257-(268)455-0289,Female,Willis,Donna
lwarrenq5@fda.gov,942,43.200.36.40,966-(726)810-7719,Female,Warren,Lillian
jgrahamq6@dell.com,943,68.199.193.22,57-(275)983-6739,Female,Graham,Jean
aperezq7@pagesperso-orange.fr,944,56.44.125.186,86-(805)227-1816,Male,Perez,Aaron
sdiazq8@dot.gov,945,209.224.111.204,1-(918)508-3040,Male,Diaz,Scott
dburkeq9@ed.gov,946,162.110.243.209,1-(208)891-8384,Female,Burke,Donna
mfernandezqa@nps.gov,947,245.105.6.240,263-(138)374-8483,Female,Fernandez,Maria
achavezqb@imageshack.us,948,105.193.146.109,261-(690)340-4877,Female,Chavez,Andrea
acooperqc@opera.com,949,137.114.211.96,62-(126)846-2992,Female,Cooper,Alice
dgomezqd@phpbb.com,950,122.212.68.24,380-(867)119-9861,Male,Gomez,Daniel
pramirezqe@cdc.gov,951,139.122.166.88,63-(261)610-6427,Female,Ramirez,Phyllis
bhunterqf@earthlink.net,952,235.209.119.211,86-(180)489-9899,Male,Hunter,Billy
ethomasqg@indiatimes.com,953,44.236.165.138,54-(908)682-6021,Male,Thomas,Ernest
hknightqh@theguardian.com,954,92.242.150.202,62-(483)982-8330,Female,Knight,Heather
rhayesqi@weibo.com,955,112.102.157.1,54-(492)497-7531,Female,Hayes,Rose
jgrantqj@indiatimes.com,956,242.173.110.39,48-(145)968-4097,Male,Grant,Jason
jcastilloqk@myspace.com,957,241.176.72.120,55-(671)786-9121,Female,Castillo,Julie
arodriguezql@illinois.edu,958,237.80.181.193,374-(683)330-4894,Male,Rodriguez,Aaron
cnelsonqm@state.gov,959,4.98.242.207,55-(996)820-8915,Male,Nelson,Chris
scunninghamqn@paypal.com,960,47.94.6.152,62-(602)680-7853,Female,Cunningham,Sandra
jwestqo@photobucket.com,961,164.107.107.137,55-(605)379-5237,Female,West,Jessica
smarshallqp@google.de,962,185.8.252.91,86-(452)123-8405,Male,Marshall,Scott
vmurphyqq@shop-pro.jp,963,206.163.146.235,62-(589)792-3850,Female,Murphy,Virginia
jsnyderqr@godaddy.com,964,103.176.184.90,86-(886)316-8112,Male,Snyder,Jesse
smarshallqs@bravesites.com,965,0.78.97.60,53-(757)795-6776,Male,Marshall,Sean
jdanielsqt@army.mil,966,29.104.221.67,84-(575)698-4098,Male,Daniels,Johnny
vwellsqu@columbia.edu,967,164.77.112.93,62-(268)763-4438,Male,Wells,Victor
dstanleyqv@jigsy.com,968,95.218.131.82,420-(705)527-6747,Female,Stanley,Doris
bspencerqw@chronoengine.com,969,86.185.102.217,81-(972)827-0822,Male,Spencer,Brandon
dmorrisonqx@opensource.org,970,124.14.127.65,53-(221)124-5735,Female,Morrison,Debra
scoxqy@phpbb.com,971,239.71.34.113,256-(439)894-6406,Male,Cox,Shawn
jcarrqz@gizmodo.com,972,49.109.67.249,62-(294)255-1012,Female,Carr,Joyce
dcooperr0@ibm.com,973,38.165.40.72,48-(596)862-7850,Female,Cooper,Dorothy
bhicksr1@webeden.co.uk,974,137.227.80.59,62-(355)224-8571,Male,Hicks,Brian
bgrantr2@vimeo.com,975,146.95.37.28,507-(230)944-4034,Female,Grant,Bonnie
apalmerr3@huffingtonpost.com,976,229.118.152.184,48-(856)288-1121,Female,Palmer,Anne
rwhiter4@sakura.ne.jp,977,110.197.134.147,351-(498)717-8025,Female,White,Rose
jsimsr5@behance.net,978,175.214.225.245,86-(127)381-0717,Male,Sims,John
jtorresr6@boston.com,979,48.178.1.67,353-(379)579-2879,Male,Torres,Jonathan
rberryr7@hc360.com,980,138.59.54.121,1-(501)467-5043,Male,Berry,Ralph
mandrewsr8@geocities.com,981,173.107.224.99,255-(145)954-8349,Male,Andrews,Martin
sfowlerr9@parallels.com,982,81.141.139.58,1-(602)427-7978,Male,Fowler,Scott
crobertsra@sohu.com,983,203.225.162.45,380-(479)617-5156,Male,Roberts,Carlos
aparkerrb@soup.io,984,53.112.120.109,504-(131)603-7268,Male,Parker,Alan
jhamiltonrc@unc.edu,985,65.193.88.99,63-(754)774-2955,Male,Hamilton,Justin
bmatthewsrd@ftc.gov,986,66.180.128.104,86-(408)226-9910,Male,Matthews,Bobby
jbutlerre@webmd.com,987,136.109.75.10,255-(368)319-2184,Female,Butler,Judith
scollinsrf@craigslist.org,988,69.146.119.49,7-(140)811-7210,Female,Collins,Sara
jrayrg@miitbeian.gov.cn,989,214.239.140.81,86-(589)617-3675,Female,Ray,Jessica
hharperrh@addthis.com,990,91.117.170.181,420-(579)616-4815,Female,Harper,Heather
jnguyenri@livejournal.com,991,223.39.52.185,502-(428)826-9147,Female,Nguyen,Judy
ngordonrj@cbslocal.com,992,24.90.220.178,48-(954)773-9359,Female,Gordon,Nancy
tgreenrk@newyorker.com,993,113.53.55.117,63-(112)273-2799,Female,Green,Tina
jharperrl@wordpress.com,994,135.44.41.82,56-(378)587-6481,Male,Harper,Justin
mparkerrm@mail.ru,995,50.216.138.125,60-(395)258-4920,Female,Parker,Melissa
mramirezrn@blogspot.com,996,65.222.101.112,44-(720)786-3141,Female,Ramirez,Marilyn
cphillipsro@bandcamp.com,997,112.44.244.11,255-(511)526-6441,Female,Phillips,Christina
alarsonrp@1688.com,998,233.188.201.63,420-(523)519-7416,Male,Larson,Alan
kbutlerrq@indiatimes.com,999,38.35.134.112,385-(948)126-4335,Female,Butler,Kathy
aruizrr@alexa.com,1000,108.175.51.228,52-(814)139-6202,Female,Ruiz,Amy
